Month,Region,Team,Sales_Target
2025-01-01,North,Team A,106807
2025-01-01,North,Team B,124023
2025-01-01,North,Team C,151063
2025-01-01,North,Team D,120529
2025-01-01,South,Team A,96467
2025-01-01,South,Team B,112725
2025-01-01,South,Team C,145056
2025-01-01,South,Team D,126519
2025-01-01,East,Team A,129213
2025-01-01,East,Team B,120180
2025-01-01,East,Team C,110494
2025-01-01,East,Team D,131871
2025-01-01,West,Team A,134316
2025-01-01,West,Team B,152868
2025-01-01,West,Team C,133244
2025-01-01,West,Team D,159650
2025-02-01,North,Team A,147860
2025-02-01,North,Team B,95512
2025-02-01,North,Team C,117452
2025-02-01,North,Team D,116927
2025-02-01,South,Team A,90211
2025-02-01,South,Team B,102649
2025-02-01,South,Team C,143353
2025-02-01,South,Team D,114648
2025-02-01,East,Team A,100351
2025-02-01,East,Team B,110123
2025-02-01,East,Team C,109229
2025-02-01,East,Team D,102217
2025-02-01,West,Team A,97083
2025-02-01,West,Team B,143485
2025-02-01,West,Team C,147716
2025-02-01,West,Team D,124740
2025-03-01,North,Team A,133082
2025-03-01,North,Team B,154347
2025-03-01,North,Team C,148986
2025-03-01,North,Team D,92281
2025-03-01,South,Team A,156706
2025-03-01,South,Team B,94688
2025-03-01,South,Team C,91860
2025-03-01,South,Team D,118229
2025-03-01,East,Team A,142209
2025-03-01,East,Team B,95619
2025-03-01,East,Team C,110509
2025-03-01,East,Team D,108391
2025-03-01,West,Team A,117816
2025-03-01,West,Team B,159022
2025-03-01,West,Team C,113199
2025-03-01,West,Team D,104627
2025-04-01,North,Team A,98562
2025-04-01,North,Team B,103868
2025-04-01,North,Team C,99319
2025-04-01,North,Team D,130154
2025-04-01,South,Team A,119435
2025-04-01,South,Team B,124859
2025-04-01,South,Team C,148250
2025-04-01,South,Team D,130630
2025-04-01,East,Team A,100861
2025-04-01,East,Team B,116371
2025-04-01,East,Team C,111880
2025-04-01,East,Team D,147873
2025-04-01,West,Team A,111491
2025-04-01,West,Team B,99700
2025-04-01,West,Team C,141520
2025-04-01,West,Team D,119987
2025-05-01,North,Team A,96710
2025-05-01,North,Team B,138283
2025-05-01,North,Team C,104735
2025-05-01,North,Team D,150776
2025-05-01,South,Team A,148272
2025-05-01,South,Team B,115870
2025-05-01,South,Team C,128891
2025-05-01,South,Team D,129742
2025-05-01,East,Team A,135739
2025-05-01,East,Team B,94839
2025-05-01,East,Team C,112739
2025-05-01,East,Team D,101922
2025-05-01,West,Team A,138824
2025-05-01,West,Team B,94839
2025-05-01,West,Team C,126187
2025-05-01,West,Team D,140951
2025-06-01,North,Team A,156386
2025-06-01,North,Team B,110164
2025-06-01,North,Team C,90558
2025-06-01,North,Team D,140662
2025-06-01,South,Team A,90108
2025-06-01,South,Team B,94647
2025-06-01,South,Team C,159334
2025-06-01,South,Team D,150378
2025-06-01,East,Team A,139527
2025-06-01,East,Team B,148487
2025-06-01,East,Team C,95274
2025-06-01,East,Team D,96225
2025-06-01,West,Team A,111058
2025-06-01,West,Team B,91662
2025-06-01,West,Team C,152181
2025-06-01,West,Team D,93940
2025-07-01,North,Team A,128082
2025-07-01,North,Team B,149754
2025-07-01,North,Team C,141449
2025-07-01,North,Team D,106429
2025-07-01,South,Team A,122923
2025-07-01,South,Team B,128379
2025-07-01,South,Team C,143754
2025-07-01,South,Team D,119837
2025-07-01,East,Team A,109952
2025-07-01,East,Team B,145686
2025-07-01,East,Team C,152053
2025-07-01,East,Team D,124222
2025-07-01,West,Team A,91961
2025-07-01,West,Team B,125046
2025-07-01,West,Team C,152250
2025-07-01,West,Team D,159236
2025-08-01,North,Team A,118072
2025-08-01,North,Team B,100509
2025-08-01,North,Team C,130051
2025-08-01,North,Team D,148149
2025-08-01,South,Team A,156150
2025-08-01,South,Team B,93622
2025-08-01,South,Team C,110338
2025-08-01,South,Team D,123435
2025-08-01,East,Team A,96877
2025-08-01,East,Team B,152043
2025-08-01,East,Team C,97851
2025-08-01,East,Team D,136564
2025-08-01,West,Team A,154304
2025-08-01,West,Team B,137965
2025-08-01,West,Team C,143424
2025-08-01,West,Team D,108432
2025-09-01,North,Team A,147922
2025-09-01,North,Team B,119300
2025-09-01,North,Team C,94292
2025-09-01,North,Team D,115660
2025-09-01,South,Team A,114488
2025-09-01,South,Team B,126501
2025-09-01,South,Team C,108537
2025-09-01,South,Team D,122355
2025-09-01,East,Team A,119957
2025-09-01,East,Team B,112882
2025-09-01,East,Team C,138736
2025-09-01,East,Team D,111383
2025-09-01,West,Team A,143604
2025-09-01,West,Team B,107559
2025-09-01,West,Team C,150541
2025-09-01,West,Team D,115553
2025-10-01,North,Team A,92848
2025-10-01,North,Team B,100495
2025-10-01,North,Team C,146438
2025-10-01,North,Team D,151047
2025-10-01,South,Team A,104838
2025-10-01,South,Team B,132148
2025-10-01,South,Team C,130204
2025-10-01,South,Team D,99365
2025-10-01,East,Team A,121639
2025-10-01,East,Team B,138570
2025-10-01,East,Team C,157698
2025-10-01,East,Team D,149336
2025-10-01,West,Team A,96848
2025-10-01,West,Team B,106627
2025-10-01,West,Team C,120569
2025-10-01,West,Team D,100542
2025-11-01,North,Team A,129948
2025-11-01,North,Team B,90603
2025-11-01,North,Team C,97946
2025-11-01,North,Team D,93307
2025-11-01,South,Team A,110684
2025-11-01,South,Team B,143357
2025-11-01,South,Team C,102409
2025-11-01,South,Team D,159103
2025-11-01,East,Team A,108867
2025-11-01,East,Team B,93141
2025-11-01,East,Team C,113484
2025-11-01,East,Team D,142364
2025-11-01,West,Team A,97465
2025-11-01,West,Team B,95030
2025-11-01,West,Team C,149454
2025-11-01,West,Team D,131449
2025-12-01,North,Team A,114027
2025-12-01,North,Team B,142925
2025-12-01,North,Team C,149102
2025-12-01,North,Team D,115144
2025-12-01,South,Team A,129282
2025-12-01,South,Team B,90765
2025-12-01,South,Team C,111429
2025-12-01,South,Team D,131663
2025-12-01,East,Team A,103797
2025-12-01,East,Team B,159387
2025-12-01,East,Team C,157980
2025-12-01,East,Team D,108033
2025-12-01,West,Team A,117745
2025-12-01,West,Team B,103264
2025-12-01,West,Team C,125276
2025-12-01,West,Team D,98674
2026-01-01,North,Team A,117366
2026-01-01,North,Team B,128867
2026-01-01,North,Team C,132829
2026-01-01,North,Team D,131751
2026-01-01,South,Team A,105499
2026-01-01,South,Team B,145458
2026-01-01,South,Team C,138422
2026-01-01,South,Team D,142715
2026-01-01,East,Team A,122749
2026-01-01,East,Team B,152477
2026-01-01,East,Team C,117290
2026-01-01,East,Team D,146404
2026-01-01,West,Team A,104247
2026-01-01,West,Team B,107308
2026-01-01,West,Team C,126872
2026-01-01,West,Team D,128911
2026-02-01,North,Team A,142235
2026-02-01,North,Team B,110818
2026-02-01,North,Team C,151085
2026-02-01,North,Team D,113084
2026-02-01,South,Team A,127392
2026-02-01,South,Team B,155236
2026-02-01,South,Team C,127758
2026-02-01,South,Team D,137732
2026-02-01,East,Team A,153603
2026-02-01,East,Team B,158221
2026-02-01,East,Team C,124958
2026-02-01,East,Team D,119183
2026-02-01,West,Team A,103785
2026-02-01,West,Team B,127620
2026-02-01,West,Team C,154283
2026-02-01,West,Team D,124098
2026-03-01,North,Team A,114393
2026-03-01,North,Team B,97510
2026-03-01,North,Team C,117281
2026-03-01,North,Team D,106569
2026-03-01,South,Team A,158369
2026-03-01,South,Team B,126934
2026-03-01,South,Team C,99589
2026-03-01,South,Team D,94716
2026-03-01,East,Team A,149552
2026-03-01,East,Team B,155202
2026-03-01,East,Team C,143410
2026-03-01,East,Team D,98669
2026-03-01,West,Team A,96879
2026-03-01,West,Team B,103858
2026-03-01,West,Team C,142579
2026-03-01,West,Team D,143572
2026-04-01,North,Team A,148649
2026-04-01,North,Team B,96785
2026-04-01,North,Team C,100724
2026-04-01,North,Team D,153019
2026-04-01,South,Team A,155012
2026-04-01,South,Team B,140799
2026-04-01,South,Team C,97422
2026-04-01,South,Team D,94803
2026-04-01,East,Team A,93891
2026-04-01,East,Team B,138429
2026-04-01,East,Team C,149217
2026-04-01,East,Team D,134213
2026-04-01,West,Team A,108347
2026-04-01,West,Team B,143014
2026-04-01,West,Team C,94139
2026-04-01,West,Team D,147973
2026-05-01,North,Team A,152431
2026-05-01,North,Team B,140284
2026-05-01,North,Team C,151548
2026-05-01,North,Team D,131032
2026-05-01,South,Team A,122785
2026-05-01,South,Team B,112572
2026-05-01,South,Team C,154519
2026-05-01,South,Team D,138809
2026-05-01,East,Team A,103334
2026-05-01,East,Team B,156988
2026-05-01,East,Team C,94144
2026-05-01,East,Team D,131126
2026-05-01,West,Team A,103338
2026-05-01,West,Team B,136504
2026-05-01,West,Team C,118885
2026-05-01,West,Team D,120598
2026-06-01,North,Team A,137007
2026-06-01,North,Team B,142928
2026-06-01,North,Team C,116602
2026-06-01,North,Team D,159836
2026-06-01,South,Team A,124893
2026-06-01,South,Team B,101227
2026-06-01,South,Team C,90447
2026-06-01,South,Team D,104168
2026-06-01,East,Team A,138376
2026-06-01,East,Team B,127760
2026-06-01,East,Team C,113648
2026-06-01,East,Team D,123696
2026-06-01,West,Team A,148668
2026-06-01,West,Team B,130009
2026-06-01,West,Team C,94066
2026-06-01,West,Team D,93435
