Order_ID,Customer_ID,Product_ID,Order_Date,Quantity,Discount,Sales,Profit,Profit_Margin,Discount_Amount,Net_Sales
O0001,C041,P042,2025-07-05,2,0.15,5377.1,1745.1,32.45429692585222,806.565,4570.535
O0002,C185,P036,2025-10-30,3,0.15,10072.5,865.5,8.592702903946389,1510.875,8561.625
O0003,C046,P029,2026-02-05,1,0.05,532.95,138.95,26.071864152359502,26.647500000000004,506.30250000000007
O0004,C136,P041,2026-03-19,3,0.1,13254.3,4563.3,34.42882687127951,1325.43,11928.869999999999
O0005,C159,P048,2026-06-01,1,0.05,3277.5,1307.5,39.89321128909229,163.875,3113.625
O0006,C016,P024,2025-05-07,4,0.1,4492.8,1840.8,40.97222222222222,449.28000000000003,4043.52
O0007,C023,P038,2025-03-14,4,0.15,10149.0,2393.0,23.57867770223667,1522.35,8626.65
O0008,C128,P009,2026-02-23,2,0.1,3083.4,1069.4,34.682493351495104,308.34000000000003,2775.06
O0009,C091,P049,2025-07-17,3,0.0,4455.0,1530.0,34.34343434343434,0.0,4455.0
O0010,C010,P031,2026-04-03,3,0.05,13680.0,2307.0,16.864035087719298,684.0,12996.0
O0011,C131,P022,2025-10-11,3,0.0,11487.0,2835.0,24.680073126142595,0.0,11487.0
O0012,C126,P035,2026-05-14,2,0.05,5578.4,2298.4,41.201778287681066,278.92,5299.48
O0013,C194,P001,2026-04-22,4,0.0,17400.0,6988.0,40.160919540229884,0.0,17400.0
O0014,C161,P042,2025-09-18,4,0.05,12019.4,4755.4,39.56437093365725,600.97,11418.43
O0015,C035,P032,2025-08-23,5,0.1,10053.0,4468.0,44.44444444444444,1005.3000000000001,9047.7
O0016,C051,P015,2025-06-12,3,0.1,5904.9,2436.9,41.26911548036377,590.49,5314.41
O0017,C027,P032,2025-09-22,3,0.05,6366.9,3015.9,47.36842105263158,318.345,6048.554999999999
O0018,C105,P045,2025-09-13,3,0.05,13611.6,6396.6,46.993740632989514,680.58,12931.02
O0019,C034,P004,2026-02-23,3,0.15,12428.7,1259.7,10.135412392285597,1864.305,10564.395
O0020,C073,P022,2025-04-04,4,0.05,14550.2,3014.2,20.715866448571152,727.5100000000001,13822.69
O0021,C183,P002,2025-01-26,2,0.0,9772.0,4420.0,45.2312730249693,0.0,9772.0
O0022,C019,P033,2026-03-14,3,0.1,10192.5,3019.5,29.624724061810152,1019.25,9173.25
O0023,C073,P042,2026-06-12,3,0.0,9489.0,4041.0,42.58615238697439,0.0,9489.0
O0024,C047,P024,2025-05-14,5,0.05,5928.0,2613.0,44.07894736842105,296.40000000000003,5631.6
O0025,C144,P007,2025-12-07,2,0.1,8627.4,2999.4,34.76597816259824,862.74,7764.66
O0026,C181,P011,2025-11-07,2,0.1,2649.6,373.6,14.100241545893722,264.96,2384.64
O0027,C086,P013,2025-01-31,2,0.15,2067.2,617.2,29.856811145510843,310.08,1757.12
O0028,C128,P011,2025-10-28,1,0.0,1472.0,334.0,22.690217391304348,0.0,1472.0
O0029,C143,P029,2026-02-12,5,0.05,2664.75,694.75,26.07186415235951,133.2375,2531.5125
O0030,C089,P037,2025-12-27,1,0.15,1018.3,391.3,38.426789747618585,152.74499999999998,865.555
O0031,C052,P007,2026-03-16,2,0.05,9106.7,3478.7,38.199347732987796,455.33500000000004,8651.365000000002
O0032,C120,P021,2025-07-05,3,0.05,7925.85,3026.85,38.18959480686614,396.2925,7529.557500000001
O0033,C061,P045,2025-11-16,3,0.1,12895.2,5680.2,44.04894844593337,1289.5200000000002,11605.68
O0034,C041,P045,2025-06-02,3,0.15,12178.8,4963.8,40.757710119223574,1826.82,10351.98
O0035,C053,P037,2025-07-18,1,0.15,1018.3,391.3,38.426789747618585,152.74499999999998,865.555
O0036,C086,P037,2026-01-14,4,0.0,4792.0,2284.0,47.66277128547579,0.0,4792.0
O0037,C018,P030,2025-01-18,1,0.15,1282.65,488.65,38.09690874361672,192.3975,1090.2525
O0038,C077,P030,2025-11-03,2,0.1,2716.2,1128.2,41.53596936897136,271.62,2444.58
O0039,C141,P045,2025-05-26,2,0.0,9552.0,4742.0,49.64405360134003,0.0,9552.0
O0040,C127,P031,2025-10-26,2,0.05,9120.0,1538.0,16.864035087719298,456.0,8664.0
O0041,C102,P017,2025-10-21,1,0.05,1805.95,512.95,28.403333425620865,90.29750000000001,1715.6525000000001
O0042,C151,P031,2026-02-19,3,0.05,13680.0,2307.0,16.864035087719298,684.0,12996.0
O0043,C044,P017,2026-01-16,3,0.15,4847.55,968.55,19.98019618157626,727.1325,4120.4175000000005
O0044,C152,P002,2025-11-28,4,0.15,16612.4,5908.4,35.56620355878741,2491.86,14120.54
O0045,C171,P018,2026-01-29,2,0.0,7340.0,3636.0,49.536784741144416,0.0,7340.0
O0046,C118,P003,2026-05-07,3,0.15,11278.65,1705.65,15.122820550331822,1691.7975,9586.852499999999
O0047,C074,P020,2025-10-31,2,0.0,7332.0,2730.0,37.234042553191486,0.0,7332.0
O0048,C123,P022,2025-01-04,2,0.0,7658.0,1890.0,24.680073126142595,0.0,7658.0
O0049,C131,P031,2025-03-07,1,0.05,4560.0,769.0,16.864035087719298,228.0,4332.0
O0050,C131,P036,2025-03-26,2,0.0,7900.0,1762.0,22.303797468354432,0.0,7900.0
O0051,C095,P040,2025-07-24,1,0.05,2017.8,577.8,28.63514719000892,100.89,1916.9099999999999
O0052,C012,P037,2026-05-11,1,0.0,1198.0,571.0,47.66277128547579,0.0,1198.0
O0053,C072,P028,2026-03-31,4,0.05,17461.0,6213.0,35.58215451577802,873.0500000000001,16587.95
O0054,C005,P002,2025-01-01,4,0.1,17589.6,6885.6,39.14585891663256,1758.96,15830.64
O0055,C120,P025,2026-01-13,3,0.1,2878.2,1045.2,36.31436314363144,287.82,2590.3799999999997
O0056,C118,P007,2026-06-16,1,0.1,4313.7,1499.7,34.76597816259824,431.37,3882.33
O0057,C026,P010,2025-08-21,4,0.05,12171.4,3451.4,28.35663933483412,608.57,11562.83
O0058,C052,P034,2025-06-17,3,0.0,4515.0,1995.0,44.18604651162791,0.0,4515.0
O0059,C145,P002,2025-12-11,5,0.15,20765.5,7385.5,35.566203558787414,3114.825,17650.675
O0060,C017,P035,2025-01-03,1,0.05,2789.2,1149.2,41.201778287681066,139.46,2649.74
O0061,C027,P048,2025-02-05,5,0.0,17250.0,7400.0,42.89855072463768,0.0,17250.0
O0062,C120,P034,2025-12-18,3,0.05,4289.25,1769.25,41.2484700122399,214.4625,4074.7875
O0063,C060,P010,2025-10-03,3,0.0,9609.0,3069.0,31.938807368092416,0.0,9609.0
O0064,C141,P006,2025-07-23,4,0.15,2155.6,423.6,19.651141213583227,323.34,1832.26
O0065,C010,P013,2025-11-28,5,0.15,5168.0,1543.0,29.856811145510836,775.1999999999999,4392.8
O0066,C141,P006,2026-02-06,2,0.05,1204.6,338.6,28.10891582267973,60.23,1144.37
O0067,C044,P017,2026-03-21,3,0.1,5132.7,1253.7,24.425740838155356,513.27,4619.43
O0068,C034,P034,2025-12-19,3,0.0,4515.0,1995.0,44.18604651162791,0.0,4515.0
O0069,C176,P012,2025-05-24,4,0.0,17904.0,5204.0,29.066130473637173,0.0,17904.0
O0070,C056,P043,2025-05-23,3,0.05,7598.1,2033.1,26.758005290796383,379.90500000000003,7218.195000000001
O0071,C053,P004,2025-10-16,1,0.1,4386.6,663.6,15.127889481603063,438.6600000000001,3947.9400000000005
O0072,C117,P010,2025-07-04,5,0.15,13612.75,2712.75,19.928008668344017,2041.9125,11570.8375
O0073,C115,P028,2026-06-21,4,0.05,17461.0,6213.0,35.58215451577802,873.0500000000001,16587.95
O0074,C105,P044,2026-05-11,5,0.0,16750.0,6650.0,39.701492537313435,0.0,16750.0
O0075,C074,P005,2025-02-17,1,0.0,3731.0,1236.0,33.127847761994104,0.0,3731.0
O0076,C151,P030,2025-07-16,5,0.15,6413.25,2443.25,38.09690874361673,961.9875,5451.2625
O0077,C042,P023,2025-04-22,3,0.0,10938.0,2448.0,22.38069116840373,0.0,10938.0
O0078,C133,P033,2025-10-03,2,0.0,7550.0,2768.0,36.66225165562914,0.0,7550.0
O0079,C064,P045,2025-01-31,4,0.1,17193.6,7573.6,44.04894844593338,1719.36,15474.239999999998
O0080,C099,P038,2025-05-17,5,0.15,12686.25,2991.25,23.57867770223667,1902.9375,10783.3125
O0081,C178,P016,2025-01-08,4,0.0,11376.0,3064.0,26.933895921237692,0.0,11376.0
O0082,C090,P013,2025-12-09,4,0.05,4620.8,1720.8,37.24030470914127,231.04000000000002,4389.76
O0083,C069,P006,2025-08-03,4,0.05,2409.2,677.2,28.10891582267973,120.46,2288.74
O0084,C007,P007,2025-03-20,1,0.0,4793.0,1979.0,41.28938034633841,0.0,4793.0
O0085,C109,P043,2025-01-11,2,0.1,4798.8,1088.8,22.689005584729514,479.88000000000005,4318.92
O0086,C098,P033,2025-08-01,2,0.05,7172.5,2390.5,33.32868595329383,358.625,6813.875
O0087,C070,P025,2026-05-26,5,0.0,5330.0,2275.0,42.68292682926829,0.0,5330.0
O0088,C073,P019,2025-06-05,3,0.05,5187.0,1122.0,21.631000578369,259.35,4927.65
O0089,C027,P048,2026-02-27,4,0.05,13110.0,5230.0,39.89321128909229,655.5,12454.5
O0090,C157,P010,2025-11-01,3,0.0,9609.0,3069.0,31.938807368092416,0.0,9609.0
O0091,C133,P010,2025-03-15,1,0.15,2722.55,542.55,19.928008668344013,408.3825,2314.1675
O0092,C193,P041,2025-06-03,4,0.0,19636.0,8048.0,40.985944184151556,0.0,19636.0
O0093,C172,P038,2025-03-01,2,0.1,5373.0,1495.0,27.82430671877908,537.3000000000001,4835.7
O0094,C161,P022,2026-03-18,2,0.1,6892.2,1124.2,16.311192362380663,689.22,6202.98
O0095,C022,P001,2026-01-10,1,0.0,4350.0,1747.0,40.160919540229884,0.0,4350.0
O0096,C164,P029,2026-03-18,4,0.0,2244.0,668.0,29.76827094474153,0.0,2244.0
O0097,C029,P020,2026-03-24,5,0.1,16497.0,4992.0,30.260047281323878,1649.7,14847.3
O0098,C177,P045,2025-02-14,4,0.05,18148.8,8528.8,46.99374063298951,907.44,17241.36
O0099,C070,P021,2025-01-12,4,0.1,10011.6,3479.6,34.75568340724759,1001.1600000000001,9010.44
O0100,C184,P015,2025-01-26,1,0.15,1858.95,702.95,37.81435756744399,278.8425,1580.1075
O0101,C040,P001,2025-05-23,5,0.0,21750.0,8735.0,40.160919540229884,0.0,21750.0
O0102,C086,P019,2026-04-28,3,0.1,4914.0,849.0,17.277167277167276,491.40000000000003,4422.6
O0103,C193,P008,2025-02-20,3,0.05,13306.65,4675.65,35.13769431073936,665.3325,12641.3175
O0104,C052,P022,2026-01-09,3,0.1,10338.3,1686.3,16.311192362380663,1033.83,9304.47
O0105,C192,P021,2025-09-11,4,0.0,11124.0,4592.0,41.28011506652283,0.0,11124.0
O0106,C011,P040,2025-05-13,2,0.0,4248.0,1368.0,32.20338983050847,0.0,4248.0
O0107,C021,P026,2025-10-12,1,0.15,736.95,46.95,6.370852839405658,110.5425,626.4075
O0108,C035,P001,2025-08-01,2,0.0,8700.0,3494.0,40.160919540229884,0.0,8700.0
O0109,C135,P005,2026-06-23,5,0.1,16789.5,4314.5,25.697608624437894,1678.95,15110.55
O0110,C172,P035,2025-06-28,3,0.05,8367.6,3447.6,41.20177828768105,418.38000000000005,7949.22
O0111,C096,P010,2026-01-27,1,0.15,2722.55,542.55,19.928008668344013,408.3825,2314.1675
O0112,C064,P039,2025-07-11,5,0.15,12512.0,4467.0,35.701726342711,1876.8,10635.2
O0113,C083,P033,2026-03-09,4,0.05,14345.0,4781.0,33.32868595329383,717.25,13627.75
O0114,C110,P029,2026-02-16,4,0.15,1907.4,331.4,17.374436405578273,286.11,1621.29
O0115,C070,P014,2025-06-12,1,0.1,501.3,147.3,29.3836026331538,50.13,451.17
O0116,C133,P004,2025-05-26,3,0.0,14622.0,3453.0,23.615100533442757,0.0,14622.0
O0117,C143,P041,2026-05-24,3,0.0,14727.0,6036.0,40.985944184151556,0.0,14727.0
O0118,C020,P037,2025-05-08,5,0.15,5091.5,1956.5,38.42678974761858,763.725,4327.775
O0119,C062,P044,2025-11-29,5,0.05,15912.5,5812.5,36.52788688138256,795.625,15116.875
O0120,C180,P031,2026-01-23,1,0.15,4080.0,289.0,7.083333333333333,612.0,3468.0
O0121,C025,P019,2025-12-07,5,0.05,8645.0,1870.0,21.631000578369,432.25,8212.75
O0122,C177,P030,2025-10-26,5,0.0,7545.0,3575.0,47.38237243207422,0.0,7545.0
O0123,C031,P029,2026-02-05,3,0.05,1598.85,416.85,26.071864152359513,79.9425,1518.9074999999998
O0124,C089,P036,2026-06-16,3,0.05,11257.5,2050.5,18.2145236508994,562.875,10694.625
O0125,C096,P032,2025-04-24,4,0.1,8042.4,3574.4,44.44444444444445,804.24,7238.16
O0126,C010,P037,2026-03-20,2,0.0,2396.0,1142.0,47.66277128547579,0.0,2396.0
O0127,C102,P024,2025-10-05,3,0.1,3369.6,1380.6,40.97222222222222,336.96000000000004,3032.64
O0128,C050,P028,2026-04-07,3,0.0,13785.0,5349.0,38.80304678998912,0.0,13785.0
O0129,C073,P019,2025-02-18,3,0.1,4914.0,849.0,17.277167277167276,491.40000000000003,4422.6
O0130,C084,P043,2025-01-23,3,0.0,7998.0,2433.0,30.420105026256568,0.0,7998.0
O0131,C096,P021,2026-05-18,4,0.15,9455.4,2923.4,30.917782431203335,1418.31,8037.09
O0132,C016,P036,2025-11-14,5,0.15,16787.5,1442.5,8.592702903946389,2518.125,14269.375
O0133,C113,P012,2025-05-02,5,0.05,21261.0,5386.0,25.332768919618083,1063.05,20197.95
O0134,C049,P041,2025-08-22,2,0.05,9327.1,3533.1,37.879941246475326,466.355,8860.745
O0135,C184,P002,2025-04-10,4,0.1,17589.6,6885.6,39.14585891663256,1758.96,15830.64
O0136,C145,P050,2026-03-13,2,0.05,2511.8,895.8,35.66366748944979,125.59000000000002,2386.21
O0137,C171,P024,2025-02-10,1,0.05,1185.6,522.6,44.078947368421055,59.28,1126.32
O0138,C092,P045,2025-01-14,1,0.15,4059.6,1654.6,40.75771011922357,608.9399999999999,3450.66
O0139,C146,P018,2025-09-13,2,0.15,6239.0,2535.0,40.631511460169904,935.8499999999999,5303.15
O0140,C013,P022,2025-11-02,2,0.0,7658.0,1890.0,24.680073126142595,0.0,7658.0
O0141,C086,P015,2025-11-24,1,0.0,2187.0,1031.0,47.142203932327384,0.0,2187.0
O0142,C037,P046,2025-06-21,2,0.05,8181.4,3579.4,43.75045835676046,409.07,7772.33
O0143,C019,P031,2025-01-22,2,0.0,9600.0,2018.0,21.020833333333332,0.0,9600.0
O0144,C025,P013,2025-08-04,1,0.1,1094.4,369.4,33.75365497076023,109.44000000000001,984.96
O0145,C172,P015,2026-06-21,1,0.15,1858.95,702.95,37.81435756744399,278.8425,1580.1075
O0146,C017,P032,2026-03-27,4,0.05,8489.2,4021.2,47.36842105263157,424.46000000000004,8064.740000000001
O0147,C178,P025,2025-08-29,4,0.05,4050.8,1606.8,39.66623876765083,202.54000000000002,3848.26
O0148,C047,P025,2026-05-29,3,0.0,3198.0,1365.0,42.68292682926829,0.0,3198.0
O0149,C009,P017,2026-02-07,2,0.1,3421.8,835.8,24.425740838155356,342.18000000000006,3079.62
O0150,C155,P046,2025-01-13,5,0.15,18300.5,6795.5,37.132865222261685,2745.075,15555.425
O0151,C056,P005,2025-03-14,5,0.15,15856.75,3381.75,21.326879719993062,2378.5125,13478.2375
O0152,C167,P028,2025-09-11,1,0.1,4135.5,1323.5,32.00338532221013,413.55,3721.95
O0153,C031,P006,2025-06-20,4,0.05,2409.2,677.2,28.10891582267973,120.46,2288.74
O0154,C151,P029,2025-06-06,1,0.05,532.95,138.95,26.071864152359502,26.647500000000004,506.30250000000007
O0155,C026,P045,2026-02-20,2,0.15,8119.2,3309.2,40.75771011922357,1217.8799999999999,6901.32
O0156,C045,P013,2025-12-17,5,0.1,5472.0,1847.0,33.75365497076023,547.2,4924.8
O0157,C182,P025,2025-02-13,1,0.15,906.1,295.1,32.568149210903876,135.915,770.1850000000001
O0158,C073,P002,2026-03-16,2,0.1,8794.8,3442.8,39.14585891663256,879.48,7915.32
O0159,C149,P038,2025-07-29,4,0.0,11940.0,4184.0,35.04187604690117,0.0,11940.0
O0160,C117,P017,2025-05-26,2,0.1,3421.8,835.8,24.425740838155356,342.18000000000006,3079.62
O0161,C139,P024,2025-10-30,2,0.15,2121.6,795.6,37.5,318.23999999999995,1803.36
O0162,C154,P031,2026-03-13,1,0.1,4320.0,529.0,12.24537037037037,432.0,3888.0
O0163,C012,P013,2026-01-05,5,0.15,5168.0,1543.0,29.856811145510836,775.1999999999999,4392.8
O0164,C136,P042,2026-01-18,5,0.1,14233.5,5153.5,36.2068359855271,1423.3500000000001,12810.15
O0165,C147,P008,2025-03-28,1,0.0,4669.0,1792.0,38.3808095952024,0.0,4669.0
O0166,C004,P009,2026-01-18,3,0.05,4882.05,1861.05,38.12025685931115,244.10250000000002,4637.9475
O0167,C058,P033,2026-06-25,5,0.05,17931.25,5976.25,33.32868595329383,896.5625,17034.6875
O0168,C096,P027,2025-12-28,2,0.15,2126.7,732.7,34.45243804956036,319.00499999999994,1807.695
O0169,C182,P049,2025-10-07,1,0.1,1336.5,361.5,27.048260381593714,133.65,1202.85
O0170,C142,P007,2026-01-14,2,0.0,9586.0,3958.0,41.28938034633841,0.0,9586.0
O0171,C191,P038,2025-04-29,4,0.0,11940.0,4184.0,35.04187604690117,0.0,11940.0
O0172,C007,P022,2025-09-04,5,0.15,16273.25,1853.25,11.388321324873642,2440.9874999999997,13832.2625
O0173,C094,P022,2025-04-01,1,0.05,3637.55,753.55,20.715866448571152,181.87750000000003,3455.6725
O0174,C054,P002,2026-04-11,5,0.05,23208.5,9828.5,42.3487084473361,1160.425,22048.075
O0175,C161,P023,2025-10-09,5,0.1,16407.0,2257.0,13.756323520448587,1640.7,14766.3
O0176,C110,P035,2025-02-21,1,0.15,2495.6,855.6,34.284340439172944,374.34,2121.2599999999998
O0177,C027,P019,2025-12-25,2,0.0,3640.0,930.0,25.549450549450547,0.0,3640.0
O0178,C196,P046,2026-04-20,4,0.1,15501.6,6297.6,40.62548382102493,1550.16,13951.44
O0179,C154,P028,2025-12-08,1,0.05,4365.25,1553.25,35.58215451577802,218.26250000000002,4146.9875
O0180,C146,P037,2025-06-13,5,0.05,5690.5,2555.5,44.90818030050083,284.52500000000003,5405.975
O0181,C190,P037,2025-06-26,3,0.15,3054.9,1173.9,38.426789747618585,458.235,2596.665
O0182,C177,P042,2026-02-10,1,0.0,3163.0,1347.0,42.58615238697439,0.0,3163.0
O0183,C041,P002,2026-04-22,1,0.15,4153.1,1477.1,35.56620355878741,622.965,3530.135
O0184,C074,P010,2025-11-08,1,0.0,3203.0,1023.0,31.938807368092416,0.0,3203.0
O0185,C048,P015,2025-04-27,5,0.15,9294.75,3514.75,37.814357567443984,1394.2124999999999,7900.5375
O0186,C163,P013,2025-02-18,2,0.0,2432.0,982.0,40.37828947368421,0.0,2432.0
O0187,C104,P035,2026-06-14,1,0.1,2642.4,1002.4,37.935210414774446,264.24,2378.16
O0188,C089,P030,2025-06-13,4,0.15,5130.6,1954.6,38.09690874361672,769.59,4361.01
O0189,C153,P035,2026-01-03,2,0.15,4991.2,1711.2,34.284340439172944,748.68,4242.5199999999995
O0190,C057,P026,2026-03-23,5,0.1,3901.5,451.5,11.572472126105344,390.15000000000003,3511.35
O0191,C042,P050,2026-05-13,5,0.0,6610.0,2570.0,38.88048411497731,0.0,6610.0
O0192,C016,P005,2025-09-30,4,0.0,14924.0,4944.0,33.127847761994104,0.0,14924.0
O0193,C101,P024,2025-09-08,3,0.15,3182.4,1193.4,37.5,477.36,2705.04
O0194,C104,P010,2025-11-13,3,0.0,9609.0,3069.0,31.938807368092416,0.0,9609.0
O0195,C028,P007,2025-07-11,1,0.05,4553.35,1739.35,38.199347732987796,227.66750000000002,4325.682500000001
O0196,C048,P030,2025-12-15,4,0.05,5734.2,2558.2,44.6130236127097,286.71,5447.49
O0197,C104,P022,2025-08-11,2,0.05,7275.1,1507.1,20.715866448571152,363.75500000000005,6911.345
O0198,C041,P014,2026-03-19,3,0.0,1671.0,609.0,36.44524236983842,0.0,1671.0
O0199,C099,P016,2026-05-07,1,0.05,2701.8,623.8,23.088311496039672,135.09,2566.71
O0200,C173,P002,2026-01-11,5,0.0,24430.0,11050.0,45.2312730249693,0.0,24430.0
O0201,C001,P026,2025-05-06,3,0.15,2210.85,140.85,6.370852839405658,331.6275,1879.2224999999999
O0202,C157,P041,2026-05-24,5,0.0,24545.0,10060.0,40.985944184151556,0.0,24545.0
O0203,C061,P038,2025-04-21,4,0.05,11343.0,3587.0,31.623027417790706,567.15,10775.85
O0204,C005,P032,2026-01-29,4,0.15,7595.6,3127.6,41.17647058823529,1139.34,6456.26
O0205,C143,P030,2026-06-18,2,0.15,2565.3,977.3,38.09690874361672,384.795,2180.505
O0206,C151,P041,2026-06-15,1,0.0,4909.0,2012.0,40.985944184151556,0.0,4909.0
O0207,C180,P048,2025-09-12,2,0.1,6210.0,2270.0,36.553945249597426,621.0,5589.0
O0208,C073,P008,2025-10-26,4,0.05,17742.2,6234.2,35.13769431073936,887.1100000000001,16855.09
O0209,C143,P015,2025-07-29,5,0.05,10388.25,4608.25,44.36021466560778,519.4125,9868.8375
O0210,C131,P020,2026-03-19,3,0.15,9348.3,2445.3,26.157697121401757,1402.245,7946.054999999999
O0211,C026,P013,2025-03-06,2,0.0,2432.0,982.0,40.37828947368421,0.0,2432.0
O0212,C090,P010,2025-01-19,4,0.15,10890.2,2170.2,19.928008668344013,1633.53,9256.67
O0213,C186,P044,2025-08-26,2,0.1,6030.0,1990.0,33.001658374792704,603.0,5427.0
O0214,C131,P017,2025-08-20,3,0.1,5132.7,1253.7,24.425740838155356,513.27,4619.43
O0215,C141,P039,2025-01-09,4,0.1,10598.4,4162.4,39.273852657004824,1059.84,9538.56
O0216,C191,P014,2025-12-20,3,0.1,1503.9,441.9,29.3836026331538,150.39000000000001,1353.51
O0217,C134,P017,2025-08-17,4,0.05,7223.8,2051.8,28.403333425620865,361.19000000000005,6862.610000000001
O0218,C016,P017,2025-02-19,1,0.1,1710.9,417.9,24.425740838155356,171.09000000000003,1539.81
O0219,C101,P036,2026-01-03,2,0.1,7110.0,972.0,13.670886075949367,711.0,6399.0
O0220,C132,P050,2025-09-10,3,0.0,3966.0,1542.0,38.88048411497731,0.0,3966.0
O0221,C190,P029,2025-01-11,4,0.0,2244.0,668.0,29.76827094474153,0.0,2244.0
O0222,C030,P010,2025-01-13,2,0.0,6406.0,2046.0,31.938807368092416,0.0,6406.0
O0223,C140,P011,2025-07-22,5,0.15,6256.0,566.0,9.047314578005116,938.4,5317.6
O0224,C014,P011,2025-10-24,2,0.15,2502.4,226.4,9.047314578005116,375.36,2127.04
O0225,C188,P006,2025-12-01,4,0.15,2155.6,423.6,19.651141213583227,323.34,1832.26
O0226,C077,P035,2025-10-08,2,0.15,4991.2,1711.2,34.284340439172944,748.68,4242.5199999999995
O0227,C044,P001,2026-04-13,2,0.15,7395.0,2189.0,29.601081812035158,1109.25,6285.75
O0228,C146,P030,2026-01-10,3,0.0,4527.0,2145.0,47.38237243207422,0.0,4527.0
O0229,C060,P036,2025-10-18,5,0.05,18762.5,3417.5,18.2145236508994,938.125,17824.375
O0230,C042,P028,2025-08-25,2,0.05,8730.5,3106.5,35.58215451577802,436.52500000000003,8293.975
O0231,C006,P002,2026-04-28,4,0.1,17589.6,6885.6,39.14585891663256,1758.96,15830.64
O0232,C161,P046,2025-01-20,3,0.0,12918.0,6015.0,46.56293543892243,0.0,12918.0
O0233,C162,P014,2026-03-18,3,0.15,1420.35,358.35,25.22969690569226,213.05249999999998,1207.2975
O0234,C099,P032,2025-09-17,2,0.15,3797.8,1563.8,41.17647058823529,569.67,3228.13
O0235,C019,P007,2026-03-07,3,0.1,12941.1,4499.1,34.76597816259824,1294.1100000000001,11646.99
O0236,C016,P029,2025-11-17,3,0.0,1683.0,501.0,29.76827094474153,0.0,1683.0
O0237,C056,P030,2025-03-17,4,0.15,5130.6,1954.6,38.09690874361672,769.59,4361.01
O0238,C104,P019,2025-06-17,1,0.15,1547.0,192.0,12.411118293471235,232.04999999999998,1314.95
O0239,C194,P042,2026-06-09,2,0.15,5377.1,1745.1,32.45429692585222,806.565,4570.535
O0240,C031,P035,2025-06-11,5,0.15,12478.0,4278.0,34.284340439172944,1871.6999999999998,10606.3
O0241,C027,P037,2025-10-03,4,0.1,4312.8,1804.8,41.84752365052866,431.28000000000003,3881.52
O0242,C073,P049,2025-12-03,5,0.0,7425.0,2550.0,34.34343434343434,0.0,7425.0
O0243,C109,P040,2025-11-07,4,0.1,7646.4,1886.4,24.67043314500942,764.64,6881.759999999999
O0244,C142,P030,2026-05-31,3,0.0,4527.0,2145.0,47.38237243207422,0.0,4527.0
O0245,C047,P050,2025-04-17,2,0.05,2511.8,895.8,35.66366748944979,125.59000000000002,2386.21
O0246,C116,P048,2025-10-14,5,0.0,17250.0,7400.0,42.89855072463768,0.0,17250.0
O0247,C075,P005,2025-11-26,1,0.15,3171.35,676.35,21.326879719993062,475.7025,2695.6475
O0248,C178,P033,2025-07-12,2,0.15,6417.5,1635.5,25.485001947798985,962.625,5454.875
O0249,C093,P003,2026-02-04,4,0.1,15922.8,3158.8,19.838219408646722,1592.28,14330.519999999999
O0250,C151,P007,2026-03-20,5,0.1,21568.5,7498.5,34.76597816259823,2156.85,19411.65
O0251,C199,P042,2025-02-13,5,0.05,15024.25,5944.25,39.56437093365726,751.2125000000001,14273.0375
O0252,C031,P020,2025-07-10,3,0.15,9348.3,2445.3,26.157697121401757,1402.245,7946.054999999999
O0253,C197,P026,2025-12-14,4,0.1,3121.2,361.2,11.572472126105344,312.12,2809.08
O0254,C146,P008,2025-11-07,3,0.15,11905.95,3274.95,27.506834817885174,1785.8925000000002,10120.0575
O0255,C155,P002,2025-02-23,5,0.15,20765.5,7385.5,35.566203558787414,3114.825,17650.675
O0256,C142,P038,2025-11-19,4,0.15,10149.0,2393.0,23.57867770223667,1522.35,8626.65
O0257,C163,P025,2025-06-25,2,0.15,1812.2,590.2,32.568149210903876,271.83,1540.3700000000001
O0258,C123,P039,2026-03-11,1,0.1,2649.6,1040.6,39.273852657004824,264.96,2384.64
O0259,C144,P004,2026-03-20,1,0.05,4630.3,907.3,19.594842666781847,231.51500000000001,4398.785
O0260,C069,P015,2025-12-29,1,0.15,1858.95,702.95,37.81435756744399,278.8425,1580.1075
O0261,C026,P035,2025-03-26,4,0.05,11156.8,4596.8,41.201778287681066,557.84,10598.96
O0262,C014,P028,2025-11-03,3,0.15,11717.25,3281.25,28.003584458810728,1757.5874999999999,9959.6625
O0263,C146,P040,2025-08-12,4,0.15,7221.6,1461.6,20.239282153539378,1083.24,6138.360000000001
O0264,C057,P029,2025-07-27,5,0.0,2805.0,835.0,29.76827094474153,0.0,2805.0
O0265,C063,P046,2026-03-12,1,0.1,3875.4,1574.4,40.62548382102493,387.54,3487.86
O0266,C029,P020,2025-11-23,4,0.15,12464.4,3260.4,26.157697121401753,1869.6599999999999,10594.74
O0267,C175,P016,2025-01-10,1,0.05,2701.8,623.8,23.088311496039672,135.09,2566.71
O0268,C198,P045,2025-05-18,3,0.0,14328.0,7113.0,49.64405360134003,0.0,14328.0
O0269,C129,P037,2025-04-17,3,0.0,3594.0,1713.0,47.66277128547579,0.0,3594.0
O0270,C162,P011,2025-02-11,1,0.05,1398.4,260.4,18.621281464530888,69.92,1328.48
O0271,C075,P013,2026-04-15,2,0.15,2067.2,617.2,29.856811145510843,310.08,1757.12
O0272,C163,P041,2025-03-10,3,0.0,14727.0,6036.0,40.985944184151556,0.0,14727.0
O0273,C103,P039,2026-03-20,3,0.1,7948.8,3121.8,39.27385265700483,794.8800000000001,7153.92
O0274,C059,P038,2025-04-02,1,0.15,2537.25,598.25,23.57867770223667,380.5875,2156.6625
O0275,C079,P005,2026-04-27,3,0.0,11193.0,3708.0,33.127847761994104,0.0,11193.0
O0276,C115,P003,2026-02-03,5,0.1,19903.5,3948.5,19.838219408646722,1990.3500000000001,17913.15
O0277,C088,P016,2026-05-19,2,0.0,5688.0,1532.0,26.933895921237692,0.0,5688.0
O0278,C058,P043,2025-10-22,2,0.05,5065.4,1355.4,26.758005290796387,253.26999999999998,4812.129999999999
O0279,C069,P009,2026-06-10,5,0.0,8565.0,3530.0,41.21424401634559,0.0,8565.0
O0280,C145,P026,2026-01-28,2,0.1,1560.6,180.6,11.572472126105344,156.06,1404.54
O0281,C177,P007,2025-10-29,1,0.0,4793.0,1979.0,41.28938034633841,0.0,4793.0
O0282,C130,P048,2025-10-03,3,0.0,10350.0,4440.0,42.89855072463768,0.0,10350.0
O0283,C165,P031,2025-07-31,5,0.05,22800.0,3845.0,16.864035087719298,1140.0,21660.0
O0284,C126,P049,2026-04-08,4,0.0,5940.0,2040.0,34.34343434343434,0.0,5940.0
O0285,C159,P032,2025-08-11,5,0.1,10053.0,4468.0,44.44444444444444,1005.3000000000001,9047.7
O0286,C082,P009,2025-10-13,5,0.15,7280.25,2245.25,30.840287078053642,1092.0375,6188.2125
O0287,C044,P013,2025-08-19,2,0.1,2188.8,738.8,33.75365497076023,218.88000000000002,1969.92
O0288,C020,P007,2025-03-09,3,0.1,12941.1,4499.1,34.76597816259824,1294.1100000000001,11646.99
O0289,C186,P050,2025-02-15,2,0.0,2644.0,1028.0,38.88048411497731,0.0,2644.0
O0290,C093,P013,2025-03-20,4,0.05,4620.8,1720.8,37.24030470914127,231.04000000000002,4389.76
O0291,C087,P048,2025-09-27,5,0.1,15525.0,5675.0,36.553945249597426,1552.5,13972.5
O0292,C115,P014,2025-01-25,1,0.0,557.0,203.0,36.44524236983842,0.0,557.0
O0293,C130,P021,2026-04-22,1,0.05,2641.95,1008.95,38.18959480686615,132.0975,2509.8525
O0294,C113,P049,2025-11-29,5,0.15,6311.25,1436.25,22.756981580510992,946.6875,5364.5625
O0295,C143,P004,2025-03-31,5,0.15,20714.5,2099.5,10.135412392285598,3107.1749999999997,17607.325
O0296,C117,P018,2025-02-12,5,0.1,16515.0,7255.0,43.929760823493794,1651.5,14863.5
O0297,C008,P043,2025-02-16,1,0.0,2666.0,811.0,30.420105026256568,0.0,2666.0
O0298,C073,P006,2025-02-02,2,0.15,1077.8,211.8,19.651141213583227,161.67,916.13
O0299,C055,P007,2025-02-01,4,0.1,17254.8,5998.8,34.76597816259824,1725.48,15529.32
O0300,C009,P001,2025-08-23,5,0.05,20662.5,7647.5,37.01149425287356,1033.125,19629.375
O0301,C165,P016,2025-04-29,5,0.0,14220.0,3830.0,26.933895921237692,0.0,14220.0
O0302,C080,P018,2026-01-07,2,0.0,7340.0,3636.0,49.536784741144416,0.0,7340.0
O0303,C054,P032,2025-10-04,2,0.1,4021.2,1787.2,44.44444444444445,402.12,3619.08
O0304,C157,P035,2026-02-03,4,0.0,11744.0,5184.0,44.141689373297005,0.0,11744.0
O0305,C036,P026,2026-05-23,1,0.0,867.0,177.0,20.415224913494807,0.0,867.0
O0306,C126,P013,2025-06-23,1,0.05,1155.2,430.2,37.24030470914127,57.760000000000005,1097.44
O0307,C166,P044,2025-10-29,1,0.0,3350.0,1330.0,39.701492537313435,0.0,3350.0
O0308,C147,P039,2025-01-04,2,0.15,5004.8,1786.8,35.70172634271099,750.72,4254.08
O0309,C032,P047,2025-08-04,3,0.0,4836.0,1860.0,38.46153846153847,0.0,4836.0
O0310,C063,P039,2025-08-28,4,0.0,11776.0,5340.0,45.346467391304344,0.0,11776.0
O0311,C062,P043,2025-06-01,1,0.0,2666.0,811.0,30.420105026256568,0.0,2666.0
O0312,C155,P012,2026-02-06,4,0.0,17904.0,5204.0,29.066130473637173,0.0,17904.0
O0313,C170,P044,2026-05-15,2,0.05,6365.0,2325.0,36.52788688138256,318.25,6046.75
O0314,C050,P010,2025-09-23,1,0.0,3203.0,1023.0,31.938807368092416,0.0,3203.0
O0315,C186,P006,2025-10-27,3,0.1,1711.8,412.8,24.114966701717492,171.18,1540.62
O0316,C029,P023,2026-06-10,4,0.0,14584.0,3264.0,22.38069116840373,0.0,14584.0
O0317,C107,P044,2025-04-19,3,0.1,9045.0,2985.0,33.001658374792704,904.5,8140.5
O0318,C132,P024,2026-04-15,3,0.15,3182.4,1193.4,37.5,477.36,2705.04
O0319,C033,P007,2026-01-27,2,0.05,9106.7,3478.7,38.199347732987796,455.33500000000004,8651.365000000002
O0320,C198,P029,2026-03-10,1,0.05,532.95,138.95,26.071864152359502,26.647500000000004,506.30250000000007
O0321,C040,P031,2025-06-10,5,0.0,24000.0,5045.0,21.020833333333332,0.0,24000.0
O0322,C060,P021,2026-01-06,3,0.05,7925.85,3026.85,38.18959480686614,396.2925,7529.557500000001
O0323,C055,P005,2025-01-11,5,0.0,18655.0,6180.0,33.127847761994104,0.0,18655.0
O0324,C092,P011,2026-04-13,1,0.05,1398.4,260.4,18.621281464530888,69.92,1328.48
O0325,C110,P038,2025-02-13,4,0.0,11940.0,4184.0,35.04187604690117,0.0,11940.0
O0326,C128,P034,2025-02-24,4,0.05,5719.0,2359.0,41.2484700122399,285.95,5433.05
O0327,C125,P042,2025-02-27,1,0.15,2688.55,872.55,32.45429692585222,403.2825,2285.2675
O0328,C181,P002,2025-02-03,1,0.0,4886.0,2210.0,45.2312730249693,0.0,4886.0
O0329,C062,P003,2026-01-26,3,0.0,13269.0,3696.0,27.85439746778205,0.0,13269.0
O0330,C195,P007,2025-05-30,3,0.15,12222.15,3780.15,30.92868276039813,1833.3225,10388.8275
O0331,C177,P041,2026-06-12,2,0.1,8836.2,3042.2,34.428826871279504,883.6200000000001,7952.580000000001
O0332,C050,P027,2025-08-30,4,0.0,5004.0,2216.0,44.284572342126296,0.0,5004.0
O0333,C042,P035,2025-07-13,5,0.0,14680.0,6480.0,44.141689373297005,0.0,14680.0
O0334,C050,P041,2025-03-08,5,0.15,20863.25,6378.25,30.571699040178302,3129.4874999999997,17733.7625
O0335,C133,P037,2025-10-02,1,0.05,1138.1,511.1,44.90818030050084,56.905,1081.195
O0336,C041,P026,2026-02-23,1,0.0,867.0,177.0,20.415224913494807,0.0,867.0
O0337,C157,P005,2025-01-13,3,0.1,10073.7,2588.7,25.69760862443789,1007.3700000000001,9066.33
O0338,C149,P023,2026-01-15,5,0.1,16407.0,2257.0,13.756323520448587,1640.7,14766.3
O0339,C169,P016,2025-11-08,5,0.15,12087.0,1697.0,14.039877554397288,1813.05,10273.95
O0340,C135,P021,2026-04-29,1,0.15,2363.85,730.85,30.917782431203335,354.5775,2009.2725
O0341,C073,P009,2026-03-29,2,0.1,3083.4,1069.4,34.682493351495104,308.34000000000003,2775.06
O0342,C116,P037,2025-11-07,4,0.05,4552.4,2044.4,44.90818030050084,227.62,4324.78
O0343,C133,P031,2026-03-31,3,0.0,14400.0,3027.0,21.020833333333332,0.0,14400.0
O0344,C026,P023,2026-03-24,1,0.15,3099.1,269.1,8.683166080474978,464.86499999999995,2634.235
O0345,C141,P007,2026-06-20,1,0.0,4793.0,1979.0,41.28938034633841,0.0,4793.0
O0346,C128,P026,2026-02-23,4,0.15,2947.8,187.8,6.370852839405658,442.17,2505.63
O0347,C153,P034,2026-01-26,5,0.05,7148.75,2948.75,41.2484700122399,357.4375,6791.3125
O0348,C116,P023,2026-04-03,3,0.0,10938.0,2448.0,22.38069116840373,0.0,10938.0
O0349,C046,P019,2026-02-15,2,0.1,3276.0,566.0,17.277167277167276,327.6,2948.4
O0350,C015,P045,2025-07-05,2,0.0,9552.0,4742.0,49.64405360134003,0.0,9552.0
O0351,C155,P003,2025-09-24,5,0.0,22115.0,6160.0,27.85439746778205,0.0,22115.0
O0352,C055,P023,2025-02-26,1,0.0,3646.0,816.0,22.38069116840373,0.0,3646.0
O0353,C181,P041,2026-05-31,4,0.0,19636.0,8048.0,40.985944184151556,0.0,19636.0
O0354,C004,P010,2025-05-08,3,0.05,9128.55,2588.55,28.35663933483412,456.4275,8672.1225
O0355,C022,P028,2026-06-08,3,0.15,11717.25,3281.25,28.003584458810728,1757.5874999999999,9959.6625
O0356,C167,P049,2025-02-22,2,0.1,2673.0,723.0,27.048260381593714,267.3,2405.7
O0357,C118,P005,2025-01-30,1,0.05,3544.45,1049.45,29.608260802099057,177.2225,3367.2275
O0358,C114,P012,2025-06-17,2,0.05,8504.4,2154.4,25.332768919618083,425.22,8079.179999999999
O0359,C094,P040,2025-11-24,1,0.1,1911.6,471.6,24.67043314500942,191.16,1720.4399999999998
O0360,C079,P012,2025-12-17,3,0.05,12756.6,3231.6,25.332768919618076,637.83,12118.77
O0361,C072,P006,2025-02-02,2,0.0,1268.0,402.0,31.703470031545745,0.0,1268.0
O0362,C098,P036,2026-06-14,4,0.05,15010.0,2734.0,18.2145236508994,750.5,14259.5
O0363,C015,P045,2025-10-24,1,0.1,4298.4,1893.4,44.04894844593338,429.84,3868.5599999999995
O0364,C064,P018,2025-12-27,4,0.05,13946.0,6538.0,46.88082604330991,697.3000000000001,13248.7
O0365,C161,P035,2025-05-28,4,0.1,10569.6,4009.6,37.935210414774446,1056.96,9512.64
O0366,C032,P034,2026-02-24,5,0.05,7148.75,2948.75,41.2484700122399,357.4375,6791.3125
O0367,C058,P019,2025-09-24,3,0.05,5187.0,1122.0,21.631000578369,259.35,4927.65
O0368,C101,P029,2025-02-14,4,0.0,2244.0,668.0,29.76827094474153,0.0,2244.0
O0369,C037,P017,2025-10-04,1,0.1,1710.9,417.9,24.425740838155356,171.09000000000003,1539.81
O0370,C135,P028,2026-04-04,5,0.0,22975.0,8915.0,38.80304678998912,0.0,22975.0
O0371,C171,P041,2025-12-26,3,0.1,13254.3,4563.3,34.42882687127951,1325.43,11928.869999999999
O0372,C120,P002,2025-11-26,2,0.05,9283.4,3931.4,42.34870844733611,464.17,8819.23
O0373,C029,P025,2026-05-16,2,0.05,2025.4,803.4,39.66623876765083,101.27000000000001,1924.13
O0374,C031,P004,2026-06-20,3,0.0,14622.0,3453.0,23.615100533442757,0.0,14622.0
O0375,C125,P022,2025-03-10,1,0.15,3254.65,370.65,11.388321324873642,488.1975,2766.4525000000003
O0376,C034,P017,2026-03-31,4,0.0,7604.0,2432.0,31.98316675433982,0.0,7604.0
O0377,C072,P025,2025-05-09,5,0.1,4797.0,1742.0,36.31436314363143,479.70000000000005,4317.3
O0378,C179,P038,2025-04-19,2,0.0,5970.0,2092.0,35.04187604690117,0.0,5970.0
O0379,C050,P037,2025-01-08,2,0.05,2276.2,1022.2,44.90818030050084,113.81,2162.39
O0380,C101,P017,2025-01-01,4,0.15,6463.4,1291.4,19.98019618157626,969.5099999999999,5493.889999999999
O0381,C164,P045,2026-02-17,3,0.15,12178.8,4963.8,40.757710119223574,1826.82,10351.98
O0382,C093,P015,2025-03-28,3,0.05,6232.95,2764.95,44.36021466560778,311.64750000000004,5921.3025
O0383,C189,P029,2026-04-20,5,0.0,2805.0,835.0,29.76827094474153,0.0,2805.0
O0384,C146,P014,2025-03-29,5,0.05,2645.75,875.75,33.100255126145704,132.2875,2513.4625
O0385,C069,P043,2025-05-19,4,0.05,10130.8,2710.8,26.758005290796387,506.53999999999996,9624.259999999998
O0386,C193,P027,2025-12-28,4,0.15,4253.4,1465.4,34.45243804956036,638.0099999999999,3615.39
O0387,C039,P046,2025-03-10,4,0.15,14640.4,5436.4,37.132865222261685,2196.06,12444.34
O0388,C088,P027,2026-03-14,5,0.15,5316.75,1831.75,34.45243804956035,797.5124999999999,4519.2375
O0389,C029,P047,2025-05-18,4,0.05,6125.6,2157.6,35.22267206477732,306.28000000000003,5819.320000000001
O0390,C120,P009,2025-05-07,4,0.0,6852.0,2824.0,41.21424401634559,0.0,6852.0
O0391,C151,P047,2026-04-27,4,0.05,6125.6,2157.6,35.22267206477732,306.28000000000003,5819.320000000001
O0392,C086,P023,2025-12-06,4,0.0,14584.0,3264.0,22.38069116840373,0.0,14584.0
O0393,C102,P003,2025-12-06,2,0.05,8403.7,2021.7,24.057260492402154,420.18500000000006,7983.515
O0394,C098,P047,2026-04-22,3,0.0,4836.0,1860.0,38.46153846153847,0.0,4836.0
O0395,C142,P015,2025-05-15,5,0.1,9841.5,4061.5,41.269115480363766,984.1500000000001,8857.35
O0396,C118,P006,2025-11-25,3,0.15,1616.7,317.7,19.651141213583223,242.505,1374.1950000000002
O0397,C195,P005,2025-02-22,2,0.0,7462.0,2472.0,33.127847761994104,0.0,7462.0
O0398,C050,P018,2025-03-09,5,0.0,18350.0,9090.0,49.536784741144416,0.0,18350.0
O0399,C129,P017,2025-05-28,2,0.1,3421.8,835.8,24.425740838155356,342.18000000000006,3079.62
O0400,C037,P043,2025-06-24,4,0.05,10130.8,2710.8,26.758005290796387,506.53999999999996,9624.259999999998
O0401,C035,P015,2025-05-11,2,0.05,4155.3,1843.3,44.36021466560777,207.76500000000001,3947.5350000000003
O0402,C079,P047,2025-06-09,4,0.0,6448.0,2480.0,38.46153846153847,0.0,6448.0
O0403,C109,P032,2025-05-24,3,0.0,6702.0,3351.0,50.0,0.0,6702.0
O0404,C112,P009,2025-12-22,2,0.1,3083.4,1069.4,34.682493351495104,308.34000000000003,2775.06
O0405,C009,P041,2025-03-12,3,0.0,14727.0,6036.0,40.985944184151556,0.0,14727.0
O0406,C079,P009,2025-07-27,4,0.1,6166.8,2138.8,34.682493351495104,616.6800000000001,5550.12
O0407,C114,P022,2026-03-14,4,0.0,15316.0,3780.0,24.680073126142595,0.0,15316.0
O0408,C150,P010,2026-01-19,3,0.1,8648.1,2108.1,24.37645263121379,864.8100000000001,7783.29
O0409,C131,P050,2025-03-27,4,0.05,5023.6,1791.6,35.66366748944979,251.18000000000004,4772.42
O0410,C066,P038,2025-03-23,1,0.15,2537.25,598.25,23.57867770223667,380.5875,2156.6625
O0411,C092,P032,2025-12-31,1,0.0,2234.0,1117.0,50.0,0.0,2234.0
O0412,C098,P019,2025-02-12,4,0.0,7280.0,1860.0,25.549450549450547,0.0,7280.0
O0413,C056,P018,2025-06-03,5,0.05,17432.5,8172.5,46.88082604330991,871.625,16560.875
O0414,C142,P030,2025-12-12,4,0.1,5432.4,2256.4,41.53596936897136,543.24,4889.16
O0415,C089,P029,2025-11-25,1,0.1,504.9,110.9,21.964745494157263,50.49,454.40999999999997
O0416,C199,P021,2026-06-10,5,0.05,13209.75,5044.75,38.18959480686614,660.4875000000001,12549.2625
O0417,C065,P035,2025-10-15,5,0.05,13946.0,5746.0,41.20177828768106,697.3000000000001,13248.7
O0418,C031,P045,2026-05-27,4,0.05,18148.8,8528.8,46.99374063298951,907.44,17241.36
O0419,C192,P012,2025-09-29,4,0.15,15218.4,2518.4,16.548388792514327,2282.7599999999998,12935.64
O0420,C190,P046,2025-06-29,3,0.1,11626.2,4723.2,40.62548382102492,1162.6200000000001,10463.58
O0421,C184,P032,2025-10-24,3,0.15,5696.7,2345.7,41.17647058823529,854.505,4842.195
O0422,C152,P032,2025-12-28,4,0.1,8042.4,3574.4,44.44444444444445,804.24,7238.16
O0423,C127,P048,2026-06-22,5,0.15,14662.5,4812.5,32.82182438192668,2199.375,12463.125
O0424,C197,P035,2026-02-20,5,0.1,13212.0,5012.0,37.935210414774446,1321.2,11890.8
O0425,C102,P011,2026-01-30,1,0.05,1398.4,260.4,18.621281464530888,69.92,1328.48
O0426,C021,P013,2026-05-05,4,0.05,4620.8,1720.8,37.24030470914127,231.04000000000002,4389.76
O0427,C057,P022,2026-05-20,5,0.1,17230.5,2810.5,16.311192362380663,1723.0500000000002,15507.45
O0428,C054,P010,2026-04-07,5,0.0,16015.0,5115.0,31.938807368092416,0.0,16015.0
O0429,C007,P040,2025-06-18,2,0.1,3823.2,943.2,24.67043314500942,382.32,3440.8799999999997
O0430,C062,P005,2025-05-16,5,0.0,18655.0,6180.0,33.127847761994104,0.0,18655.0
O0431,C066,P001,2025-11-19,2,0.0,8700.0,3494.0,40.160919540229884,0.0,8700.0
O0432,C025,P008,2026-02-11,1,0.15,3968.65,1091.65,27.506834817885178,595.2975,3373.3525
O0433,C004,P040,2025-10-19,3,0.05,6053.4,1733.4,28.635147190008926,302.67,5750.73
O0434,C149,P007,2026-05-13,2,0.0,9586.0,3958.0,41.28938034633841,0.0,9586.0
O0435,C196,P017,2025-12-16,5,0.05,9029.75,2564.75,28.403333425620865,451.4875,8578.2625
O0436,C144,P014,2025-08-29,1,0.0,557.0,203.0,36.44524236983842,0.0,557.0
O0437,C147,P035,2026-03-03,2,0.0,5872.0,2592.0,44.141689373297005,0.0,5872.0
O0438,C152,P036,2025-12-26,4,0.0,15800.0,3524.0,22.303797468354432,0.0,15800.0
O0439,C153,P039,2025-06-23,5,0.1,13248.0,5203.0,39.27385265700483,1324.8000000000002,11923.2
O0440,C051,P019,2025-11-10,4,0.15,6188.0,768.0,12.411118293471235,928.1999999999999,5259.8
O0441,C152,P022,2026-03-11,2,0.1,6892.2,1124.2,16.311192362380663,689.22,6202.98
O0442,C036,P033,2025-07-09,1,0.0,3775.0,1384.0,36.66225165562914,0.0,3775.0
O0443,C176,P048,2025-04-18,1,0.05,3277.5,1307.5,39.89321128909229,163.875,3113.625
O0444,C052,P018,2026-03-15,3,0.1,9909.0,4353.0,43.929760823493794,990.9000000000001,8918.1
O0445,C138,P014,2026-02-08,1,0.15,473.45,119.45,25.22969690569226,71.0175,402.4325
O0446,C072,P037,2025-11-01,2,0.05,2276.2,1022.2,44.90818030050084,113.81,2162.39
O0447,C182,P005,2025-01-07,2,0.15,6342.7,1352.7,21.326879719993062,951.405,5391.295
O0448,C117,P019,2026-02-21,2,0.0,3640.0,930.0,25.549450549450547,0.0,3640.0
O0449,C162,P005,2026-03-29,5,0.0,18655.0,6180.0,33.127847761994104,0.0,18655.0
O0450,C006,P034,2025-05-06,4,0.05,5719.0,2359.0,41.2484700122399,285.95,5433.05
O0451,C075,P038,2025-03-16,1,0.05,2835.75,896.75,31.623027417790706,141.7875,2693.9625
O0452,C131,P050,2025-09-30,2,0.05,2511.8,895.8,35.66366748944979,125.59000000000002,2386.21
O0453,C022,P017,2026-02-14,4,0.0,7604.0,2432.0,31.98316675433982,0.0,7604.0
O0454,C120,P028,2026-04-19,4,0.05,17461.0,6213.0,35.58215451577802,873.0500000000001,16587.95
O0455,C097,P016,2026-05-02,4,0.1,10238.4,1926.4,18.81543991248633,1023.84,9214.56
O0456,C157,P023,2025-06-02,5,0.15,15495.5,1345.5,8.683166080474978,2324.325,13171.175
O0457,C009,P010,2025-10-13,5,0.1,14413.5,3513.5,24.376452631213795,1441.3500000000001,12972.15
O0458,C125,P049,2026-05-03,5,0.1,6682.5,1807.5,27.048260381593714,668.25,6014.25
O0459,C032,P009,2025-09-16,1,0.15,1456.05,449.05,30.840287078053642,218.4075,1237.6425
O0460,C175,P003,2025-01-17,2,0.05,8403.7,2021.7,24.057260492402154,420.18500000000006,7983.515
O0461,C138,P014,2025-04-08,4,0.05,2116.6,700.6,33.100255126145704,105.83,2010.77
O0462,C152,P046,2025-11-09,2,0.05,8181.4,3579.4,43.75045835676046,409.07,7772.33
O0463,C070,P015,2025-12-13,4,0.05,8310.6,3686.6,44.36021466560777,415.53000000000003,7895.070000000001
O0464,C178,P033,2025-04-22,4,0.05,14345.0,4781.0,33.32868595329383,717.25,13627.75
O0465,C056,P037,2026-02-20,5,0.05,5690.5,2555.5,44.90818030050083,284.52500000000003,5405.975
O0466,C134,P020,2025-07-29,4,0.1,13197.6,3993.6,30.260047281323878,1319.7600000000002,11877.84
O0467,C057,P019,2025-11-25,1,0.05,1729.0,374.0,21.631000578369,86.45,1642.55
O0468,C128,P046,2025-05-14,4,0.1,15501.6,6297.6,40.62548382102493,1550.16,13951.44
O0469,C172,P027,2025-04-11,4,0.05,4753.8,1965.8,41.35218141276452,237.69000000000003,4516.110000000001
O0470,C089,P014,2025-09-22,4,0.1,2005.2,589.2,29.3836026331538,200.52,1804.68
O0471,C180,P045,2025-07-28,4,0.05,18148.8,8528.8,46.99374063298951,907.44,17241.36
O0472,C102,P049,2025-04-16,2,0.1,2673.0,723.0,27.048260381593714,267.3,2405.7
O0473,C073,P029,2026-06-17,2,0.15,953.7,165.7,17.374436405578273,143.055,810.645
O0474,C096,P036,2025-01-30,4,0.1,14220.0,1944.0,13.670886075949367,1422.0,12798.0
O0475,C136,P002,2026-01-15,1,0.15,4153.1,1477.1,35.56620355878741,622.965,3530.135
O0476,C058,P032,2026-03-12,5,0.1,10053.0,4468.0,44.44444444444444,1005.3000000000001,9047.7
O0477,C028,P041,2026-06-09,2,0.05,9327.1,3533.1,37.879941246475326,466.355,8860.745
O0478,C162,P032,2025-02-14,5,0.0,11170.0,5585.0,50.0,0.0,11170.0
O0479,C167,P040,2025-01-28,3,0.1,5734.8,1414.8,24.670433145009415,573.48,5161.32
O0480,C056,P031,2026-06-03,5,0.0,24000.0,5045.0,21.020833333333332,0.0,24000.0
O0481,C177,P043,2025-03-05,2,0.05,5065.4,1355.4,26.758005290796387,253.26999999999998,4812.129999999999
O0482,C139,P025,2025-07-03,1,0.05,1012.7,401.7,39.66623876765083,50.635000000000005,962.065
O0483,C193,P044,2026-01-14,2,0.1,6030.0,1990.0,33.001658374792704,603.0,5427.0
O0484,C186,P029,2026-03-13,1,0.0,561.0,167.0,29.76827094474153,0.0,561.0
O0485,C175,P003,2025-07-03,2,0.1,7961.4,1579.4,19.838219408646722,796.14,7165.259999999999
O0486,C016,P008,2026-06-19,3,0.1,12606.3,3975.3,31.53423288355822,1260.63,11345.669999999998
O0487,C047,P006,2026-05-04,3,0.05,1806.9,507.9,28.108915822679727,90.34500000000001,1716.555
O0488,C186,P038,2025-08-05,5,0.0,14925.0,5230.0,35.04187604690117,0.0,14925.0
O0489,C014,P009,2025-12-31,4,0.1,6166.8,2138.8,34.682493351495104,616.6800000000001,5550.12
O0490,C076,P041,2025-01-01,3,0.05,13990.65,5299.65,37.879941246475326,699.5325,13291.1175
O0491,C052,P025,2025-10-07,1,0.15,906.1,295.1,32.568149210903876,135.915,770.1850000000001
O0492,C144,P049,2025-12-20,3,0.0,4455.0,1530.0,34.34343434343434,0.0,4455.0
O0493,C176,P037,2025-12-29,4,0.1,4312.8,1804.8,41.84752365052866,431.28000000000003,3881.52
O0494,C117,P030,2025-09-13,3,0.15,3847.95,1465.95,38.09690874361674,577.1925,3270.7574999999997
O0495,C127,P028,2025-03-10,2,0.0,9190.0,3566.0,38.80304678998912,0.0,9190.0
O0496,C155,P021,2026-06-16,1,0.15,2363.85,730.85,30.917782431203335,354.5775,2009.2725
O0497,C117,P034,2025-07-03,1,0.1,1354.5,514.5,37.98449612403101,135.45000000000002,1219.05
O0498,C125,P036,2025-01-16,5,0.05,18762.5,3417.5,18.2145236508994,938.125,17824.375
O0499,C186,P040,2026-01-27,4,0.15,7221.6,1461.6,20.239282153539378,1083.24,6138.360000000001
O0500,C050,P043,2026-05-13,4,0.15,9064.4,1644.4,18.14130003089008,1359.6599999999999,7704.74
O0501,C127,P034,2025-12-21,1,0.0,1505.0,665.0,44.18604651162791,0.0,1505.0
O0502,C163,P041,2026-04-10,4,0.15,16690.6,5102.6,30.571699040178306,2503.5899999999997,14187.009999999998
O0503,C096,P038,2026-01-13,5,0.1,13432.5,3737.5,27.82430671877908,1343.25,12089.25
O0504,C161,P009,2026-01-27,4,0.0,6852.0,2824.0,41.21424401634559,0.0,6852.0
O0505,C094,P019,2026-03-24,2,0.0,3640.0,930.0,25.549450549450547,0.0,3640.0
O0506,C162,P003,2025-10-02,3,0.1,11942.1,2369.1,19.83821940864672,1194.21,10747.89
O0507,C116,P044,2026-01-12,1,0.15,2847.5,827.5,29.06057945566286,427.125,2420.375
O0508,C100,P035,2025-09-09,4,0.0,11744.0,5184.0,44.141689373297005,0.0,11744.0
O0509,C003,P024,2025-03-12,3,0.15,3182.4,1193.4,37.5,477.36,2705.04
O0510,C133,P009,2025-12-15,1,0.15,1456.05,449.05,30.840287078053642,218.4075,1237.6425
O0511,C090,P026,2025-06-07,5,0.05,4118.25,668.25,16.226552540520853,205.91250000000002,3912.3375
O0512,C137,P025,2025-10-07,1,0.0,1066.0,455.0,42.68292682926829,0.0,1066.0
O0513,C103,P045,2025-02-14,5,0.1,21492.0,9467.0,44.04894844593337,2149.2000000000003,19342.8
O0514,C076,P034,2026-04-18,2,0.0,3010.0,1330.0,44.18604651162791,0.0,3010.0
O0515,C187,P046,2025-09-20,4,0.05,16362.8,7158.8,43.75045835676046,818.14,15544.66
O0516,C148,P048,2025-08-27,5,0.0,17250.0,7400.0,42.89855072463768,0.0,17250.0
O0517,C185,P046,2026-02-22,5,0.05,20453.5,8948.5,43.75045835676046,1022.6750000000001,19430.825
O0518,C043,P002,2025-02-15,5,0.0,24430.0,11050.0,45.2312730249693,0.0,24430.0
O0519,C114,P010,2025-04-21,4,0.0,12812.0,4092.0,31.938807368092416,0.0,12812.0
O0520,C188,P047,2025-02-27,5,0.05,7657.0,2697.0,35.22267206477733,382.85,7274.15
O0521,C112,P010,2026-05-14,4,0.1,11530.8,2810.8,24.376452631213795,1153.08,10377.72
O0522,C159,P012,2025-06-27,2,0.0,8952.0,2602.0,29.066130473637173,0.0,8952.0
O0523,C195,P024,2026-02-04,5,0.05,5928.0,2613.0,44.07894736842105,296.40000000000003,5631.6
O0524,C176,P021,2026-02-14,3,0.1,7508.7,2609.7,34.75568340724759,750.87,6757.83
O0525,C110,P027,2025-09-06,5,0.1,5629.5,2144.5,38.09396926902922,562.95,5066.55
O0526,C021,P024,2025-12-05,3,0.1,3369.6,1380.6,40.97222222222222,336.96000000000004,3032.64
O0527,C047,P015,2026-03-18,2,0.15,3717.9,1405.9,37.81435756744399,557.685,3160.215
O0528,C027,P015,2025-04-28,5,0.1,9841.5,4061.5,41.269115480363766,984.1500000000001,8857.35
O0529,C118,P007,2026-04-07,4,0.15,16296.2,5040.2,30.92868276039813,2444.43,13851.77
O0530,C196,P007,2026-06-05,3,0.0,14379.0,5937.0,41.28938034633841,0.0,14379.0
O0531,C107,P010,2026-01-08,4,0.1,11530.8,2810.8,24.376452631213795,1153.08,10377.72
O0532,C098,P050,2025-01-23,1,0.0,1322.0,514.0,38.88048411497731,0.0,1322.0
O0533,C121,P031,2025-11-16,2,0.0,9600.0,2018.0,21.020833333333332,0.0,9600.0
O0534,C142,P025,2026-04-24,2,0.1,1918.8,696.8,36.31436314363143,191.88,1726.92
O0535,C152,P005,2026-01-20,2,0.15,6342.7,1352.7,21.326879719993062,951.405,5391.295
O0536,C140,P013,2025-05-29,1,0.05,1155.2,430.2,37.24030470914127,57.760000000000005,1097.44
O0537,C099,P038,2025-08-21,4,0.1,10746.0,2990.0,27.82430671877908,1074.6000000000001,9671.4
O0538,C136,P008,2025-08-29,5,0.1,21010.5,6625.5,31.53423288355822,2101.05,18909.45
O0539,C055,P044,2026-03-20,5,0.1,15075.0,4975.0,33.001658374792704,1507.5,13567.5
O0540,C090,P009,2025-10-20,1,0.1,1541.7,534.7,34.682493351495104,154.17000000000002,1387.53
O0541,C049,P035,2025-04-04,5,0.05,13946.0,5746.0,41.20177828768106,697.3000000000001,13248.7
O0542,C012,P032,2025-04-23,5,0.1,10053.0,4468.0,44.44444444444444,1005.3000000000001,9047.7
O0543,C144,P048,2026-06-13,2,0.15,5865.0,1925.0,32.82182438192668,879.75,4985.25
O0544,C192,P048,2026-02-02,5,0.0,17250.0,7400.0,42.89855072463768,0.0,17250.0
O0545,C044,P037,2025-01-11,3,0.05,3414.3,1533.3,44.90818030050083,170.71500000000003,3243.585
O0546,C022,P049,2025-02-01,5,0.15,6311.25,1436.25,22.756981580510992,946.6875,5364.5625
O0547,C093,P010,2025-05-02,1,0.0,3203.0,1023.0,31.938807368092416,0.0,3203.0
O0548,C091,P021,2026-02-03,1,0.0,2781.0,1148.0,41.28011506652283,0.0,2781.0
O0549,C178,P022,2025-06-19,2,0.0,7658.0,1890.0,24.680073126142595,0.0,7658.0
O0550,C033,P036,2026-01-27,4,0.15,13430.0,1154.0,8.592702903946389,2014.5,11415.5
O0551,C079,P009,2025-08-07,4,0.15,5824.2,1796.2,30.840287078053642,873.63,4950.57
O0552,C013,P007,2025-04-08,4,0.0,19172.0,7916.0,41.28938034633841,0.0,19172.0
O0553,C091,P019,2026-04-27,4,0.05,6916.0,1496.0,21.631000578369,345.8,6570.2
O0554,C167,P021,2025-08-19,5,0.1,12514.5,4349.5,34.755683407247595,1251.45,11263.05
O0555,C027,P039,2025-08-03,2,0.1,5299.2,2081.2,39.273852657004824,529.92,4769.28
O0556,C171,P042,2025-12-28,3,0.0,9489.0,4041.0,42.58615238697439,0.0,9489.0
O0557,C025,P005,2026-01-04,2,0.05,7088.9,2098.9,29.608260802099057,354.445,6734.455
O0558,C166,P030,2026-02-25,1,0.1,1358.1,564.1,41.53596936897136,135.81,1222.29
O0559,C094,P042,2026-06-03,2,0.15,5377.1,1745.1,32.45429692585222,806.565,4570.535
O0560,C190,P041,2025-05-08,1,0.0,4909.0,2012.0,40.985944184151556,0.0,4909.0
O0561,C030,P029,2026-04-25,5,0.05,2664.75,694.75,26.07186415235951,133.2375,2531.5125
O0562,C101,P026,2025-04-15,3,0.15,2210.85,140.85,6.370852839405658,331.6275,1879.2224999999999
O0563,C014,P029,2026-03-15,1,0.05,532.95,138.95,26.071864152359502,26.647500000000004,506.30250000000007
O0564,C181,P036,2026-02-28,3,0.15,10072.5,865.5,8.592702903946389,1510.875,8561.625
O0565,C072,P032,2025-02-14,1,0.1,2010.6,893.6,44.44444444444445,201.06,1809.54
O0566,C150,P027,2025-11-01,1,0.0,1251.0,554.0,44.284572342126296,0.0,1251.0
O0567,C161,P022,2025-09-07,4,0.1,13784.4,2248.4,16.311192362380663,1378.44,12405.96
O0568,C198,P011,2025-02-13,2,0.0,2944.0,668.0,22.690217391304348,0.0,2944.0
O0569,C062,P042,2025-09-16,2,0.15,5377.1,1745.1,32.45429692585222,806.565,4570.535
O0570,C034,P024,2026-06-15,2,0.1,2246.4,920.4,40.97222222222222,224.64000000000001,2021.76
O0571,C016,P028,2026-02-09,2,0.1,8271.0,2647.0,32.00338532221013,827.1,7443.9
O0572,C186,P002,2026-04-19,3,0.05,13925.1,5897.1,42.34870844733611,696.2550000000001,13228.845000000001
O0573,C015,P005,2025-09-17,1,0.15,3171.35,676.35,21.326879719993062,475.7025,2695.6475
O0574,C195,P028,2025-09-13,5,0.15,19528.75,5468.75,28.003584458810728,2929.3125,16599.4375
O0575,C066,P016,2025-04-01,4,0.05,10807.2,2495.2,23.088311496039672,540.36,10266.84
O0576,C053,P037,2026-03-23,1,0.1,1078.2,451.2,41.84752365052866,107.82000000000001,970.38
O0577,C034,P048,2025-04-04,1,0.15,2932.5,962.5,32.82182438192668,439.875,2492.625
O0578,C009,P039,2025-09-20,5,0.0,14720.0,6675.0,45.346467391304344,0.0,14720.0
O0579,C010,P048,2025-10-13,5,0.05,16387.5,6537.5,39.89321128909229,819.375,15568.125
O0580,C120,P026,2025-02-18,2,0.05,1647.3,267.3,16.226552540520853,82.36500000000001,1564.935
O0581,C192,P026,2026-02-03,3,0.15,2210.85,140.85,6.370852839405658,331.6275,1879.2224999999999
O0582,C101,P049,2025-01-16,4,0.05,5643.0,1743.0,30.88782562466773,282.15000000000003,5360.85
O0583,C103,P041,2026-04-21,5,0.15,20863.25,6378.25,30.571699040178302,3129.4874999999997,17733.7625
O0584,C004,P014,2025-04-22,4,0.05,2116.6,700.6,33.100255126145704,105.83,2010.77
O0585,C076,P049,2025-05-20,1,0.15,1262.25,287.25,22.756981580510992,189.3375,1072.9125
O0586,C077,P016,2025-01-13,3,0.0,8532.0,2298.0,26.933895921237692,0.0,8532.0
O0587,C159,P004,2026-06-12,4,0.1,17546.4,2654.4,15.127889481603063,1754.6400000000003,15791.760000000002
O0588,C104,P021,2025-05-06,5,0.1,12514.5,4349.5,34.755683407247595,1251.45,11263.05
O0589,C083,P043,2025-11-08,5,0.0,13330.0,4055.0,30.420105026256568,0.0,13330.0
O0590,C013,P048,2025-10-30,3,0.1,9315.0,3405.0,36.553945249597426,931.5,8383.5
O0591,C047,P002,2026-03-20,5,0.15,20765.5,7385.5,35.566203558787414,3114.825,17650.675
O0592,C099,P017,2026-05-28,1,0.0,1901.0,608.0,31.98316675433982,0.0,1901.0
O0593,C127,P034,2026-03-09,4,0.05,5719.0,2359.0,41.2484700122399,285.95,5433.05
O0594,C049,P030,2025-02-12,3,0.0,4527.0,2145.0,47.38237243207422,0.0,4527.0
O0595,C123,P026,2025-04-17,2,0.05,1647.3,267.3,16.226552540520853,82.36500000000001,1564.935
O0596,C044,P029,2025-05-10,5,0.0,2805.0,835.0,29.76827094474153,0.0,2805.0
O0597,C101,P009,2025-03-13,5,0.1,7708.5,2673.5,34.682493351495104,770.85,6937.65
O0598,C163,P012,2026-02-16,1,0.15,3804.6,629.6,16.548388792514327,570.6899999999999,3233.91
O0599,C028,P039,2025-10-09,1,0.0,2944.0,1335.0,45.346467391304344,0.0,2944.0
O0600,C101,P010,2025-06-09,5,0.0,16015.0,5115.0,31.938807368092416,0.0,16015.0
O0601,C180,P040,2025-10-31,5,0.15,9027.0,1827.0,20.23928215353938,1354.05,7672.95
O0602,C118,P008,2026-04-28,3,0.0,14007.0,5376.0,38.3808095952024,0.0,14007.0
O0603,C133,P010,2025-12-10,1,0.05,3042.85,862.85,28.35663933483412,152.1425,2890.7075
O0604,C152,P013,2026-04-18,2,0.15,2067.2,617.2,29.856811145510843,310.08,1757.12
O0605,C084,P050,2025-02-10,4,0.15,4494.8,1262.8,28.094687194090945,674.22,3820.58
O0606,C008,P043,2026-03-04,3,0.15,6798.3,1233.3,18.141300030890072,1019.745,5778.555
O0607,C121,P026,2025-12-12,3,0.15,2210.85,140.85,6.370852839405658,331.6275,1879.2224999999999
O0608,C151,P044,2025-08-30,4,0.1,12060.0,3980.0,33.001658374792704,1206.0,10854.0
O0609,C155,P042,2026-03-05,1,0.0,3163.0,1347.0,42.58615238697439,0.0,3163.0
O0610,C174,P027,2025-11-15,4,0.1,4503.6,1715.6,38.093969269029216,450.36000000000007,4053.2400000000002
O0611,C103,P014,2025-10-30,2,0.1,1002.6,294.6,29.3836026331538,100.26,902.34
O0612,C198,P027,2026-05-03,1,0.15,1063.35,366.35,34.45243804956036,159.50249999999997,903.8475
O0613,C173,P030,2025-07-27,1,0.15,1282.65,488.65,38.09690874361672,192.3975,1090.2525
O0614,C137,P008,2025-06-29,4,0.0,18676.0,7168.0,38.3808095952024,0.0,18676.0
O0615,C096,P007,2025-06-20,5,0.0,23965.0,9895.0,41.28938034633841,0.0,23965.0
O0616,C065,P012,2025-01-21,1,0.0,4476.0,1301.0,29.066130473637173,0.0,4476.0
O0617,C074,P034,2025-12-11,1,0.1,1354.5,514.5,37.98449612403101,135.45000000000002,1219.05
O0618,C197,P007,2025-02-23,5,0.15,20370.25,6300.25,30.92868276039813,3055.5375,17314.7125
O0619,C018,P001,2025-02-07,5,0.15,18487.5,5472.5,29.601081812035158,2773.125,15714.375
O0620,C109,P002,2026-03-27,4,0.15,16612.4,5908.4,35.56620355878741,2491.86,14120.54
O0621,C016,P016,2026-02-08,4,0.15,9669.6,1357.6,14.039877554397284,1450.44,8219.16
O0622,C076,P014,2025-08-31,5,0.1,2506.5,736.5,29.3836026331538,250.65,2255.85
O0623,C025,P049,2025-07-25,4,0.05,5643.0,1743.0,30.88782562466773,282.15000000000003,5360.85
O0624,C050,P024,2025-01-03,5,0.0,6240.0,2925.0,46.875,0.0,6240.0
O0625,C190,P047,2025-01-27,3,0.1,4352.4,1376.4,31.62393162393163,435.24,3917.16
O0626,C092,P034,2025-07-04,2,0.15,2558.5,878.5,34.33652530779754,383.775,2174.725
O0627,C149,P042,2026-06-04,5,0.1,14233.5,5153.5,36.2068359855271,1423.3500000000001,12810.15
O0628,C030,P015,2025-04-04,1,0.0,2187.0,1031.0,47.142203932327384,0.0,2187.0
O0629,C108,P037,2025-01-20,4,0.15,4073.2,1565.2,38.426789747618585,610.9799999999999,3462.22
O0630,C178,P019,2025-01-18,1,0.05,1729.0,374.0,21.631000578369,86.45,1642.55
O0631,C159,P040,2025-08-12,5,0.1,9558.0,2358.0,24.670433145009415,955.8000000000001,8602.2
O0632,C185,P032,2025-03-09,1,0.15,1898.9,781.9,41.17647058823529,284.835,1614.065
O0633,C195,P032,2025-09-13,2,0.0,4468.0,2234.0,50.0,0.0,4468.0
O0634,C064,P013,2025-09-23,3,0.1,3283.2,1108.2,33.75365497076024,328.32,2954.8799999999997
O0635,C052,P016,2025-03-31,5,0.1,12798.0,2408.0,18.815439912486326,1279.8000000000002,11518.2
O0636,C118,P040,2025-11-16,4,0.0,8496.0,2736.0,32.20338983050847,0.0,8496.0
O0637,C004,P012,2026-01-11,4,0.15,15218.4,2518.4,16.548388792514327,2282.7599999999998,12935.64
O0638,C061,P039,2025-08-03,5,0.05,13984.0,5939.0,42.46996567505721,699.2,13284.8
O0639,C083,P033,2025-04-06,5,0.05,17931.25,5976.25,33.32868595329383,896.5625,17034.6875
O0640,C155,P012,2026-02-16,3,0.05,12756.6,3231.6,25.332768919618076,637.83,12118.77
O0641,C033,P010,2026-03-01,5,0.0,16015.0,5115.0,31.938807368092416,0.0,16015.0
O0642,C104,P023,2025-08-04,1,0.15,3099.1,269.1,8.683166080474978,464.86499999999995,2634.235
O0643,C032,P010,2025-04-26,2,0.15,5445.1,1085.1,19.928008668344013,816.765,4628.335
O0644,C158,P050,2025-01-01,4,0.0,5288.0,2056.0,38.88048411497731,0.0,5288.0
O0645,C173,P020,2026-05-18,1,0.1,3299.4,998.4,30.260047281323878,329.94000000000005,2969.46
O0646,C148,P042,2025-05-15,2,0.05,6009.7,2377.7,39.56437093365725,300.485,5709.215
O0647,C187,P040,2025-11-01,4,0.05,8071.2,2311.2,28.63514719000892,403.56,7667.639999999999
O0648,C135,P035,2025-07-05,5,0.0,14680.0,6480.0,44.141689373297005,0.0,14680.0
O0649,C107,P017,2025-02-04,1,0.15,1615.85,322.85,19.98019618157626,242.37749999999997,1373.4724999999999
O0650,C190,P005,2025-12-16,5,0.15,15856.75,3381.75,21.326879719993062,2378.5125,13478.2375
O0651,C005,P035,2026-05-26,5,0.05,13946.0,5746.0,41.20177828768106,697.3000000000001,13248.7
O0652,C086,P040,2025-06-11,5,0.15,9027.0,1827.0,20.23928215353938,1354.05,7672.95
O0653,C073,P003,2025-08-26,4,0.05,16807.4,4043.4,24.057260492402154,840.3700000000001,15967.03
O0654,C050,P039,2025-03-26,1,0.05,2796.8,1187.8,42.4699656750572,139.84,2656.96
O0655,C052,P011,2025-10-22,3,0.0,4416.0,1002.0,22.690217391304348,0.0,4416.0
O0656,C065,P041,2025-11-18,1,0.15,4172.65,1275.65,30.571699040178306,625.8974999999999,3546.7524999999996
O0657,C041,P036,2025-06-17,4,0.1,14220.0,1944.0,13.670886075949367,1422.0,12798.0
O0658,C172,P037,2025-12-07,5,0.1,5391.0,2256.0,41.84752365052866,539.1,4851.9
O0659,C025,P046,2026-01-20,5,0.15,18300.5,6795.5,37.132865222261685,2745.075,15555.425
O0660,C011,P008,2025-08-13,1,0.1,4202.1,1325.1,31.534232883558218,420.21000000000004,3781.8900000000003
O0661,C198,P025,2025-01-21,2,0.1,1918.8,696.8,36.31436314363143,191.88,1726.92
O0662,C011,P019,2025-08-20,1,0.05,1729.0,374.0,21.631000578369,86.45,1642.55
O0663,C132,P050,2026-04-18,1,0.0,1322.0,514.0,38.88048411497731,0.0,1322.0
O0664,C089,P010,2025-12-01,5,0.05,15214.25,4314.25,28.35663933483412,760.7125000000001,14453.5375
O0665,C163,P020,2025-04-13,5,0.15,15580.5,4075.5,26.157697121401753,2337.075,13243.425
O0666,C195,P020,2026-02-19,2,0.05,6965.4,2363.4,33.93057110862262,348.27,6617.129999999999
O0667,C161,P022,2025-09-02,2,0.05,7275.1,1507.1,20.715866448571152,363.75500000000005,6911.345
O0668,C084,P045,2026-04-09,5,0.15,20298.0,8273.0,40.75771011922357,3044.7,17253.3
O0669,C080,P030,2025-01-20,5,0.05,7167.75,3197.75,44.6130236127097,358.38750000000005,6809.3625
O0670,C109,P028,2025-08-04,4,0.05,17461.0,6213.0,35.58215451577802,873.0500000000001,16587.95
O0671,C040,P036,2025-05-16,1,0.0,3950.0,881.0,22.303797468354432,0.0,3950.0
O0672,C095,P018,2025-12-29,5,0.0,18350.0,9090.0,49.536784741144416,0.0,18350.0
O0673,C148,P005,2026-02-23,4,0.0,14924.0,4944.0,33.127847761994104,0.0,14924.0
O0674,C108,P021,2025-09-10,2,0.0,5562.0,2296.0,41.28011506652283,0.0,5562.0
O0675,C185,P014,2025-12-30,1,0.1,501.3,147.3,29.3836026331538,50.13,451.17
O0676,C175,P013,2026-06-07,1,0.15,1033.6,308.6,29.856811145510843,155.04,878.56
O0677,C121,P005,2026-05-11,2,0.15,6342.7,1352.7,21.326879719993062,951.405,5391.295
O0678,C125,P022,2025-06-13,1,0.0,3829.0,945.0,24.680073126142595,0.0,3829.0
O0679,C129,P039,2025-03-30,1,0.15,2502.4,893.4,35.70172634271099,375.36,2127.04
O0680,C001,P015,2025-03-05,3,0.0,6561.0,3093.0,47.142203932327384,0.0,6561.0
O0681,C123,P047,2026-06-04,5,0.15,6851.0,1891.0,27.601809954751133,1027.6499999999999,5823.35
O0682,C164,P008,2025-07-18,3,0.1,12606.3,3975.3,31.53423288355822,1260.63,11345.669999999998
O0683,C182,P002,2025-06-29,4,0.05,18566.8,7862.8,42.34870844733611,928.34,17638.46
O0684,C161,P008,2025-07-20,2,0.15,7937.3,2183.3,27.506834817885178,1190.595,6746.705
O0685,C069,P046,2025-04-24,1,0.05,4090.7,1789.7,43.75045835676046,204.535,3886.165
O0686,C119,P006,2026-04-01,4,0.15,2155.6,423.6,19.651141213583227,323.34,1832.26
O0687,C132,P013,2025-10-08,1,0.1,1094.4,369.4,33.75365497076023,109.44000000000001,984.96
O0688,C081,P018,2025-07-18,4,0.0,14680.0,7272.0,49.536784741144416,0.0,14680.0
O0689,C056,P007,2026-06-23,4,0.1,17254.8,5998.8,34.76597816259824,1725.48,15529.32
O0690,C018,P037,2025-04-26,3,0.05,3414.3,1533.3,44.90818030050083,170.71500000000003,3243.585
O0691,C038,P015,2026-03-16,5,0.05,10388.25,4608.25,44.36021466560778,519.4125,9868.8375
O0692,C020,P048,2025-10-05,4,0.15,11730.0,3850.0,32.82182438192668,1759.5,9970.5
O0693,C107,P001,2025-12-13,2,0.0,8700.0,3494.0,40.160919540229884,0.0,8700.0
O0694,C037,P007,2026-05-07,4,0.05,18213.4,6957.4,38.199347732987796,910.6700000000001,17302.730000000003
O0695,C147,P005,2026-03-16,3,0.15,9514.05,2029.05,21.326879719993062,1427.1074999999998,8086.942499999999
O0696,C012,P003,2026-02-28,4,0.0,17692.0,4928.0,27.85439746778205,0.0,17692.0
O0697,C115,P018,2026-02-08,3,0.0,11010.0,5454.0,49.536784741144416,0.0,11010.0
O0698,C110,P028,2025-02-20,5,0.0,22975.0,8915.0,38.80304678998912,0.0,22975.0
O0699,C013,P044,2025-10-08,1,0.0,3350.0,1330.0,39.701492537313435,0.0,3350.0
O0700,C125,P003,2025-03-14,2,0.05,8403.7,2021.7,24.057260492402154,420.18500000000006,7983.515
O0701,C021,P024,2025-09-14,5,0.15,5304.0,1989.0,37.5,795.6,4508.4
O0702,C009,P024,2025-06-28,2,0.0,2496.0,1170.0,46.875,0.0,2496.0
O0703,C121,P027,2025-04-26,5,0.05,5942.25,2457.25,41.35218141276453,297.1125,5645.1375
O0704,C096,P002,2026-05-29,3,0.0,14658.0,6630.0,45.2312730249693,0.0,14658.0
O0705,C081,P025,2026-03-27,5,0.1,4797.0,1742.0,36.31436314363143,479.70000000000005,4317.3
O0706,C185,P039,2025-01-13,3,0.1,7948.8,3121.8,39.27385265700483,794.8800000000001,7153.92
O0707,C147,P033,2026-06-06,3,0.15,9626.25,2453.25,25.485001947798985,1443.9375,8182.3125
O0708,C179,P032,2025-07-30,5,0.15,9494.5,3909.5,41.17647058823529,1424.175,8070.325
O0709,C129,P003,2025-09-10,4,0.15,15038.2,2274.2,15.12282055033182,2255.73,12782.470000000001
O0710,C005,P045,2026-04-18,1,0.05,4537.2,2132.2,46.99374063298951,226.86,4310.34
O0711,C042,P049,2025-03-31,5,0.1,6682.5,1807.5,27.048260381593714,668.25,6014.25
O0712,C057,P001,2025-01-22,4,0.15,14790.0,4378.0,29.601081812035158,2218.5,12571.5
O0713,C059,P001,2025-09-26,4,0.0,17400.0,6988.0,40.160919540229884,0.0,17400.0
O0714,C163,P043,2026-05-16,4,0.0,10664.0,3244.0,30.420105026256568,0.0,10664.0
O0715,C033,P012,2025-03-06,1,0.15,3804.6,629.6,16.548388792514327,570.6899999999999,3233.91
O0716,C148,P043,2026-04-25,5,0.15,11330.5,2055.5,18.141300030890076,1699.575,9630.925
O0717,C074,P033,2026-01-14,4,0.0,15100.0,5536.0,36.66225165562914,0.0,15100.0
O0718,C105,P005,2025-03-29,2,0.0,7462.0,2472.0,33.127847761994104,0.0,7462.0
O0719,C039,P005,2026-06-25,2,0.1,6715.8,1725.8,25.69760862443789,671.58,6044.22
O0720,C116,P050,2026-06-15,1,0.1,1189.8,381.8,32.08942679441923,118.98,1070.82
O0721,C041,P042,2025-12-31,4,0.0,12652.0,5388.0,42.58615238697439,0.0,12652.0
O0722,C040,P031,2025-04-29,1,0.15,4080.0,289.0,7.083333333333333,612.0,3468.0
O0723,C095,P023,2025-02-02,1,0.0,3646.0,816.0,22.38069116840373,0.0,3646.0
O0724,C035,P045,2025-03-12,1,0.0,4776.0,2371.0,49.64405360134003,0.0,4776.0
O0725,C186,P030,2026-05-22,5,0.15,6413.25,2443.25,38.09690874361673,961.9875,5451.2625
O0726,C093,P050,2025-08-29,5,0.05,6279.5,2239.5,35.66366748944979,313.975,5965.525
O0727,C057,P032,2025-01-11,2,0.0,4468.0,2234.0,50.0,0.0,4468.0
O0728,C175,P023,2025-03-22,2,0.1,6562.8,902.8,13.756323520448587,656.2800000000001,5906.52
O0729,C035,P023,2026-06-11,5,0.05,17318.5,3168.5,18.295464387793402,865.9250000000001,16452.575
O0730,C100,P047,2025-02-18,2,0.15,2740.4,756.4,27.60180995475113,411.06,2329.34
O0731,C087,P018,2025-03-18,5,0.05,17432.5,8172.5,46.88082604330991,871.625,16560.875
O0732,C044,P046,2025-05-03,1,0.0,4306.0,2005.0,46.56293543892243,0.0,4306.0
O0733,C082,P050,2025-12-20,5,0.05,6279.5,2239.5,35.66366748944979,313.975,5965.525
O0734,C114,P036,2025-06-27,1,0.05,3752.5,683.5,18.2145236508994,187.625,3564.875
O0735,C058,P039,2025-07-10,3,0.1,7948.8,3121.8,39.27385265700483,794.8800000000001,7153.92
O0736,C051,P039,2026-06-20,4,0.05,11187.2,4751.2,42.4699656750572,559.36,10627.84
O0737,C183,P042,2025-06-28,1,0.1,2846.7,1030.7,36.2068359855271,284.67,2562.0299999999997
O0738,C087,P007,2026-04-27,1,0.0,4793.0,1979.0,41.28938034633841,0.0,4793.0
O0739,C030,P044,2025-10-29,4,0.0,13400.0,5320.0,39.701492537313435,0.0,13400.0
O0740,C016,P032,2025-01-02,2,0.0,4468.0,2234.0,50.0,0.0,4468.0
O0741,C147,P011,2025-04-28,1,0.0,1472.0,334.0,22.690217391304348,0.0,1472.0
O0742,C157,P013,2025-06-11,3,0.1,3283.2,1108.2,33.75365497076024,328.32,2954.8799999999997
O0743,C054,P020,2026-02-17,2,0.0,7332.0,2730.0,37.234042553191486,0.0,7332.0
O0744,C181,P004,2026-03-08,1,0.05,4630.3,907.3,19.594842666781847,231.51500000000001,4398.785
O0745,C056,P015,2026-02-13,3,0.05,6232.95,2764.95,44.36021466560778,311.64750000000004,5921.3025
O0746,C111,P023,2025-08-29,5,0.1,16407.0,2257.0,13.756323520448587,1640.7,14766.3
O0747,C077,P049,2026-05-23,3,0.05,4232.25,1307.25,30.88782562466773,211.6125,4020.6375
O0748,C133,P023,2026-04-25,1,0.05,3463.7,633.7,18.295464387793402,173.185,3290.515
O0749,C135,P036,2026-05-04,1,0.15,3357.5,288.5,8.592702903946389,503.625,2853.875
O0750,C159,P017,2025-11-18,5,0.0,9505.0,3040.0,31.98316675433982,0.0,9505.0
O0751,C055,P018,2025-06-02,1,0.05,3486.5,1634.5,46.88082604330991,174.32500000000002,3312.175
O0752,C192,P020,2025-10-18,1,0.0,3666.0,1365.0,37.234042553191486,0.0,3666.0
O0753,C105,P009,2025-04-08,4,0.1,6166.8,2138.8,34.682493351495104,616.6800000000001,5550.12
O0754,C115,P022,2025-02-28,4,0.05,14550.2,3014.2,20.715866448571152,727.5100000000001,13822.69
O0755,C050,P035,2025-10-30,5,0.05,13946.0,5746.0,41.20177828768106,697.3000000000001,13248.7
O0756,C172,P007,2025-07-05,3,0.15,12222.15,3780.15,30.92868276039813,1833.3225,10388.8275
O0757,C122,P011,2025-05-29,4,0.05,5593.6,1041.6,18.621281464530888,279.68,5313.92
O0758,C187,P006,2026-01-22,1,0.1,570.6,137.6,24.11496670171749,57.06,513.54
O0759,C153,P010,2025-09-26,5,0.0,16015.0,5115.0,31.938807368092416,0.0,16015.0
O0760,C140,P021,2026-06-23,1,0.0,2781.0,1148.0,41.28011506652283,0.0,2781.0
O0761,C177,P026,2025-10-11,2,0.05,1647.3,267.3,16.226552540520853,82.36500000000001,1564.935
O0762,C108,P016,2025-10-13,4,0.1,10238.4,1926.4,18.81543991248633,1023.84,9214.56
O0763,C081,P012,2025-03-25,1,0.0,4476.0,1301.0,29.066130473637173,0.0,4476.0
O0764,C173,P010,2025-03-10,5,0.05,15214.25,4314.25,28.35663933483412,760.7125000000001,14453.5375
O0765,C159,P009,2025-08-15,3,0.0,5139.0,2118.0,41.21424401634559,0.0,5139.0
O0766,C157,P018,2026-05-26,2,0.0,7340.0,3636.0,49.536784741144416,0.0,7340.0
O0767,C165,P015,2025-03-14,3,0.05,6232.95,2764.95,44.36021466560778,311.64750000000004,5921.3025
O0768,C056,P041,2026-04-30,2,0.0,9818.0,4024.0,40.985944184151556,0.0,9818.0
O0769,C159,P018,2026-06-11,4,0.05,13946.0,6538.0,46.88082604330991,697.3000000000001,13248.7
O0770,C042,P043,2025-12-02,4,0.0,10664.0,3244.0,30.420105026256568,0.0,10664.0
O0771,C023,P006,2025-08-28,5,0.15,2694.5,529.5,19.651141213583227,404.175,2290.325
O0772,C184,P045,2026-01-01,4,0.15,16238.4,6618.4,40.75771011922357,2435.7599999999998,13802.64
O0773,C034,P042,2026-03-18,2,0.0,6326.0,2694.0,42.58615238697439,0.0,6326.0
O0774,C012,P029,2025-12-30,2,0.15,953.7,165.7,17.374436405578273,143.055,810.645
O0775,C001,P020,2025-06-23,2,0.1,6598.8,1996.8,30.260047281323878,659.8800000000001,5938.92
O0776,C087,P003,2026-06-21,3,0.1,11942.1,2369.1,19.83821940864672,1194.21,10747.89
O0777,C149,P034,2026-06-07,1,0.05,1429.75,589.75,41.2484700122399,71.4875,1358.2625
O0778,C014,P035,2025-02-20,2,0.15,4991.2,1711.2,34.284340439172944,748.68,4242.5199999999995
O0779,C041,P045,2026-04-03,1,0.15,4059.6,1654.6,40.75771011922357,608.9399999999999,3450.66
O0780,C086,P048,2025-04-24,3,0.0,10350.0,4440.0,42.89855072463768,0.0,10350.0
O0781,C113,P013,2025-02-05,1,0.0,1216.0,491.0,40.37828947368421,0.0,1216.0
O0782,C083,P044,2025-05-03,1,0.0,3350.0,1330.0,39.701492537313435,0.0,3350.0
O0783,C046,P022,2026-03-20,2,0.15,6509.3,741.3,11.388321324873642,976.395,5532.905000000001
O0784,C163,P046,2025-10-22,3,0.0,12918.0,6015.0,46.56293543892243,0.0,12918.0
O0785,C155,P047,2025-03-02,3,0.1,4352.4,1376.4,31.62393162393163,435.24,3917.16
O0786,C010,P022,2025-09-03,4,0.05,14550.2,3014.2,20.715866448571152,727.5100000000001,13822.69
O0787,C170,P050,2025-11-28,4,0.05,5023.6,1791.6,35.66366748944979,251.18000000000004,4772.42
O0788,C060,P038,2025-03-27,4,0.15,10149.0,2393.0,23.57867770223667,1522.35,8626.65
O0789,C123,P045,2026-01-08,4,0.0,19104.0,9484.0,49.64405360134003,0.0,19104.0
O0790,C132,P047,2025-10-20,2,0.15,2740.4,756.4,27.60180995475113,411.06,2329.34
O0791,C109,P011,2025-02-12,3,0.0,4416.0,1002.0,22.690217391304348,0.0,4416.0
O0792,C199,P025,2026-06-11,4,0.1,3837.6,1393.6,36.31436314363143,383.76,3453.84
O0793,C140,P018,2025-11-01,2,0.15,6239.0,2535.0,40.631511460169904,935.8499999999999,5303.15
O0794,C064,P025,2025-10-08,3,0.05,3038.1,1205.1,39.66623876765083,151.905,2886.1949999999997
O0795,C079,P037,2026-03-25,5,0.0,5990.0,2855.0,47.66277128547579,0.0,5990.0
O0796,C195,P044,2025-03-03,4,0.05,12730.0,4650.0,36.52788688138256,636.5,12093.5
O0797,C075,P041,2026-06-13,5,0.05,23317.75,8832.75,37.879941246475326,1165.8875,22151.8625
O0798,C027,P035,2026-05-01,1,0.15,2495.6,855.6,34.284340439172944,374.34,2121.2599999999998
O0799,C098,P027,2025-08-13,2,0.1,2251.8,857.8,38.093969269029216,225.18000000000004,2026.6200000000001
O0800,C129,P009,2025-09-19,5,0.1,7708.5,2673.5,34.682493351495104,770.85,6937.65
O0801,C084,P014,2026-01-11,5,0.0,2785.0,1015.0,36.44524236983842,0.0,2785.0
O0802,C038,P042,2025-05-05,3,0.15,8065.65,2617.65,32.454296925852226,1209.8474999999999,6855.8025
O0803,C190,P006,2026-06-20,3,0.0,1902.0,603.0,31.703470031545745,0.0,1902.0
O0804,C087,P016,2025-01-28,1,0.0,2844.0,766.0,26.933895921237692,0.0,2844.0
O0805,C072,P029,2025-10-01,3,0.1,1514.7,332.7,21.964745494157256,151.47,1363.23
O0806,C123,P031,2026-04-20,1,0.0,4800.0,1009.0,21.020833333333332,0.0,4800.0
O0807,C054,P043,2025-12-22,4,0.1,9597.6,2177.6,22.689005584729514,959.7600000000001,8637.84
O0808,C097,P016,2025-12-06,5,0.1,12798.0,2408.0,18.815439912486326,1279.8000000000002,11518.2
O0809,C156,P050,2026-05-24,2,0.0,2644.0,1028.0,38.88048411497731,0.0,2644.0
O0810,C146,P011,2025-06-11,1,0.1,1324.8,186.8,14.100241545893722,132.48,1192.32
O0811,C172,P022,2025-06-25,4,0.05,14550.2,3014.2,20.715866448571152,727.5100000000001,13822.69
O0812,C084,P004,2026-01-16,3,0.1,13159.8,1990.8,15.127889481603066,1315.98,11843.82
O0813,C048,P001,2025-06-08,2,0.1,7830.0,2624.0,33.51213282247765,783.0,7047.0
O0814,C189,P047,2025-11-24,1,0.15,1370.2,378.2,27.60180995475113,205.53,1164.67
O0815,C136,P048,2026-01-31,1,0.15,2932.5,962.5,32.82182438192668,439.875,2492.625
O0816,C133,P040,2025-10-26,1,0.0,2124.0,684.0,32.20338983050847,0.0,2124.0
O0817,C112,P027,2025-09-07,4,0.1,4503.6,1715.6,38.093969269029216,450.36000000000007,4053.2400000000002
O0818,C131,P028,2025-08-04,2,0.1,8271.0,2647.0,32.00338532221013,827.1,7443.9
O0819,C031,P007,2025-11-24,3,0.0,14379.0,5937.0,41.28938034633841,0.0,14379.0
O0820,C190,P004,2025-01-21,1,0.1,4386.6,663.6,15.127889481603063,438.6600000000001,3947.9400000000005
O0821,C160,P036,2026-03-28,2,0.05,7505.0,1367.0,18.2145236508994,375.25,7129.75
O0822,C036,P050,2025-06-19,2,0.1,2379.6,763.6,32.08942679441923,237.96,2141.64
O0823,C054,P001,2025-02-23,3,0.0,13050.0,5241.0,40.160919540229884,0.0,13050.0
O0824,C067,P005,2026-03-13,2,0.1,6715.8,1725.8,25.69760862443789,671.58,6044.22
O0825,C141,P010,2026-01-13,2,0.15,5445.1,1085.1,19.928008668344013,816.765,4628.335
O0826,C155,P030,2025-03-31,1,0.05,1433.55,639.55,44.6130236127097,71.6775,1361.8725
O0827,C059,P048,2026-01-19,3,0.05,9832.5,3922.5,39.89321128909229,491.625,9340.875
O0828,C060,P047,2025-05-28,4,0.15,5480.8,1512.8,27.60180995475113,822.12,4658.68
O0829,C121,P010,2025-06-27,4,0.15,10890.2,2170.2,19.928008668344013,1633.53,9256.67
O0830,C090,P050,2025-08-25,3,0.0,3966.0,1542.0,38.88048411497731,0.0,3966.0
O0831,C089,P016,2025-06-18,5,0.0,14220.0,3830.0,26.933895921237692,0.0,14220.0
O0832,C125,P047,2025-03-24,4,0.0,6448.0,2480.0,38.46153846153847,0.0,6448.0
O0833,C059,P046,2025-03-01,4,0.1,15501.6,6297.6,40.62548382102493,1550.16,13951.44
O0834,C064,P046,2025-03-02,4,0.05,16362.8,7158.8,43.75045835676046,818.14,15544.66
O0835,C142,P048,2026-05-11,2,0.05,6555.0,2615.0,39.89321128909229,327.75,6227.25
O0836,C014,P009,2025-08-09,3,0.1,4625.1,1604.1,34.6824933514951,462.51000000000005,4162.59
O0837,C094,P020,2025-08-25,3,0.0,10998.0,4095.0,37.234042553191486,0.0,10998.0
O0838,C076,P040,2025-02-20,4,0.0,8496.0,2736.0,32.20338983050847,0.0,8496.0
O0839,C167,P046,2025-12-14,5,0.05,20453.5,8948.5,43.75045835676046,1022.6750000000001,19430.825
O0840,C030,P009,2025-03-31,1,0.15,1456.05,449.05,30.840287078053642,218.4075,1237.6425
O0841,C016,P021,2026-06-18,2,0.05,5283.9,2017.9,38.18959480686615,264.195,5019.705
O0842,C181,P034,2025-12-22,2,0.1,2709.0,1029.0,37.98449612403101,270.90000000000003,2438.1
O0843,C116,P007,2025-07-03,1,0.0,4793.0,1979.0,41.28938034633841,0.0,4793.0
O0844,C015,P044,2025-02-03,4,0.1,12060.0,3980.0,33.001658374792704,1206.0,10854.0
O0845,C083,P012,2026-06-12,5,0.0,22380.0,6505.0,29.066130473637173,0.0,22380.0
O0846,C145,P046,2025-08-07,2,0.0,8612.0,4010.0,46.56293543892243,0.0,8612.0
O0847,C091,P007,2025-02-12,1,0.15,4074.05,1260.05,30.92868276039813,611.1075,3462.9425
O0848,C061,P050,2026-06-21,4,0.15,4494.8,1262.8,28.094687194090945,674.22,3820.58
O0849,C078,P009,2026-06-25,2,0.15,2912.1,898.1,30.840287078053642,436.815,2475.285
O0850,C133,P035,2025-07-11,1,0.15,2495.6,855.6,34.284340439172944,374.34,2121.2599999999998
O0851,C103,P013,2025-06-02,3,0.05,3465.6,1290.6,37.24030470914128,173.28,3292.3199999999997
O0852,C024,P024,2025-02-10,4,0.15,4243.2,1591.2,37.5,636.4799999999999,3606.72
O0853,C006,P024,2025-01-14,3,0.0,3744.0,1755.0,46.875,0.0,3744.0
O0854,C059,P015,2026-02-24,3,0.05,6232.95,2764.95,44.36021466560778,311.64750000000004,5921.3025
O0855,C144,P011,2025-06-07,2,0.0,2944.0,668.0,22.690217391304348,0.0,2944.0
O0856,C179,P015,2026-04-24,5,0.15,9294.75,3514.75,37.814357567443984,1394.2124999999999,7900.5375
O0857,C029,P043,2026-06-18,4,0.0,10664.0,3244.0,30.420105026256568,0.0,10664.0
O0858,C143,P050,2026-03-09,1,0.15,1123.7,315.7,28.094687194090945,168.555,955.145
O0859,C022,P011,2025-03-30,2,0.05,2796.8,520.8,18.621281464530888,139.84,2656.96
O0860,C173,P022,2025-07-22,2,0.15,6509.3,741.3,11.388321324873642,976.395,5532.905000000001
O0861,C126,P014,2025-03-21,4,0.15,1893.8,477.8,25.22969690569226,284.07,1609.73
O0862,C112,P013,2026-06-25,5,0.15,5168.0,1543.0,29.856811145510836,775.1999999999999,4392.8
O0863,C069,P039,2025-11-09,1,0.15,2502.4,893.4,35.70172634271099,375.36,2127.04
O0864,C003,P048,2025-02-12,1,0.1,3105.0,1135.0,36.553945249597426,310.5,2794.5
O0865,C098,P034,2026-06-07,3,0.15,3837.75,1317.75,34.33652530779754,575.6625,3262.0875
O0866,C006,P020,2026-02-25,2,0.1,6598.8,1996.8,30.260047281323878,659.8800000000001,5938.92
O0867,C199,P046,2025-07-01,3,0.1,11626.2,4723.2,40.62548382102492,1162.6200000000001,10463.58
O0868,C118,P030,2025-10-05,2,0.1,2716.2,1128.2,41.53596936897136,271.62,2444.58
O0869,C073,P019,2026-01-04,1,0.05,1729.0,374.0,21.631000578369,86.45,1642.55
O0870,C019,P032,2025-06-14,2,0.05,4244.6,2010.6,47.36842105263157,212.23000000000002,4032.3700000000003
O0871,C128,P012,2025-04-17,4,0.0,17904.0,5204.0,29.066130473637173,0.0,17904.0
O0872,C135,P030,2025-05-15,5,0.15,6413.25,2443.25,38.09690874361673,961.9875,5451.2625
O0873,C117,P024,2025-10-17,2,0.15,2121.6,795.6,37.5,318.23999999999995,1803.36
O0874,C180,P045,2025-01-13,3,0.0,14328.0,7113.0,49.64405360134003,0.0,14328.0
O0875,C145,P034,2026-06-23,1,0.1,1354.5,514.5,37.98449612403101,135.45000000000002,1219.05
O0876,C043,P029,2025-01-26,3,0.1,1514.7,332.7,21.964745494157256,151.47,1363.23
O0877,C104,P046,2025-12-08,4,0.05,16362.8,7158.8,43.75045835676046,818.14,15544.66
O0878,C173,P017,2026-06-07,1,0.1,1710.9,417.9,24.425740838155356,171.09000000000003,1539.81
O0879,C112,P040,2026-02-10,3,0.15,5416.2,1096.2,20.239282153539385,812.43,4603.7699999999995
O0880,C079,P008,2025-06-07,3,0.15,11905.95,3274.95,27.506834817885174,1785.8925000000002,10120.0575
O0881,C149,P008,2025-08-06,4,0.1,16808.4,5300.4,31.534232883558218,1680.8400000000001,15127.560000000001
O0882,C185,P003,2025-06-13,4,0.15,15038.2,2274.2,15.12282055033182,2255.73,12782.470000000001
O0883,C156,P044,2025-01-22,2,0.1,6030.0,1990.0,33.001658374792704,603.0,5427.0
O0884,C157,P035,2025-03-04,1,0.05,2789.2,1149.2,41.201778287681066,139.46,2649.74
O0885,C170,P001,2025-10-14,3,0.0,13050.0,5241.0,40.160919540229884,0.0,13050.0
O0886,C106,P001,2025-09-22,4,0.1,15660.0,5248.0,33.51213282247765,1566.0,14094.0
O0887,C016,P015,2026-06-25,5,0.1,9841.5,4061.5,41.269115480363766,984.1500000000001,8857.35
O0888,C049,P003,2025-12-19,4,0.0,17692.0,4928.0,27.85439746778205,0.0,17692.0
O0889,C117,P046,2026-05-24,3,0.0,12918.0,6015.0,46.56293543892243,0.0,12918.0
O0890,C027,P044,2025-01-28,4,0.0,13400.0,5320.0,39.701492537313435,0.0,13400.0
O0891,C183,P037,2026-03-13,3,0.0,3594.0,1713.0,47.66277128547579,0.0,3594.0
O0892,C041,P008,2025-11-27,2,0.0,9338.0,3584.0,38.3808095952024,0.0,9338.0
O0893,C057,P036,2026-06-23,2,0.1,7110.0,972.0,13.670886075949367,711.0,6399.0
O0894,C080,P042,2025-06-08,3,0.05,9014.55,3566.55,39.56437093365726,450.72749999999996,8563.822499999998
O0895,C149,P044,2026-06-07,1,0.1,3015.0,995.0,33.001658374792704,301.5,2713.5
O0896,C125,P031,2025-02-28,5,0.05,22800.0,3845.0,16.864035087719298,1140.0,21660.0
O0897,C182,P028,2026-03-11,5,0.15,19528.75,5468.75,28.003584458810728,2929.3125,16599.4375
O0898,C087,P025,2025-10-10,3,0.15,2718.3,885.3,32.56814921090387,407.745,2310.5550000000003
O0899,C157,P017,2026-05-22,2,0.15,3231.7,645.7,19.98019618157626,484.75499999999994,2746.9449999999997
O0900,C199,P013,2026-03-13,3,0.15,3100.8,925.8,29.856811145510832,465.12,2635.6800000000003
O0901,C141,P020,2025-12-06,4,0.15,12464.4,3260.4,26.157697121401753,1869.6599999999999,10594.74
O0902,C157,P050,2025-01-14,5,0.05,6279.5,2239.5,35.66366748944979,313.975,5965.525
O0903,C116,P044,2025-10-07,1,0.1,3015.0,995.0,33.001658374792704,301.5,2713.5
O0904,C051,P030,2025-10-31,2,0.05,2867.1,1279.1,44.6130236127097,143.355,2723.745
O0905,C155,P023,2026-01-13,1,0.15,3099.1,269.1,8.683166080474978,464.86499999999995,2634.235
O0906,C121,P027,2025-07-05,4,0.05,4753.8,1965.8,41.35218141276452,237.69000000000003,4516.110000000001
O0907,C119,P012,2025-12-15,3,0.05,12756.6,3231.6,25.332768919618076,637.83,12118.77
O0908,C028,P023,2025-06-05,5,0.05,17318.5,3168.5,18.295464387793402,865.9250000000001,16452.575
O0909,C040,P007,2026-01-18,3,0.05,13660.05,5218.05,38.1993477329878,683.0025,12977.047499999999
O0910,C198,P017,2026-06-19,5,0.15,8079.25,1614.25,19.98019618157626,1211.8875,6867.3625
O0911,C095,P014,2025-05-20,1,0.05,529.15,175.15,33.100255126145704,26.4575,502.6925
O0912,C024,P009,2026-04-05,4,0.15,5824.2,1796.2,30.840287078053642,873.63,4950.57
O0913,C009,P008,2025-12-30,2,0.15,7937.3,2183.3,27.506834817885178,1190.595,6746.705
O0914,C061,P002,2025-07-08,2,0.0,9772.0,4420.0,45.2312730249693,0.0,9772.0
O0915,C146,P048,2025-09-24,2,0.05,6555.0,2615.0,39.89321128909229,327.75,6227.25
O0916,C053,P002,2025-06-14,3,0.1,13192.2,5164.2,39.145858916632555,1319.2200000000003,11872.98
O0917,C101,P019,2025-07-28,1,0.0,1820.0,465.0,25.549450549450547,0.0,1820.0
O0918,C037,P030,2025-01-29,1,0.15,1282.65,488.65,38.09690874361672,192.3975,1090.2525
O0919,C050,P003,2025-07-17,3,0.15,11278.65,1705.65,15.122820550331822,1691.7975,9586.852499999999
O0920,C087,P042,2025-03-01,4,0.0,12652.0,5388.0,42.58615238697439,0.0,12652.0
O0921,C131,P024,2025-02-06,5,0.1,5616.0,2301.0,40.97222222222222,561.6,5054.4
O0922,C057,P006,2025-03-30,2,0.15,1077.8,211.8,19.651141213583227,161.67,916.13
O0923,C099,P012,2025-09-02,3,0.0,13428.0,3903.0,29.066130473637173,0.0,13428.0
O0924,C015,P025,2025-01-26,3,0.1,2878.2,1045.2,36.31436314363144,287.82,2590.3799999999997
O0925,C012,P034,2025-09-11,5,0.15,6396.25,2196.25,34.33652530779754,959.4375,5436.8125
O0926,C183,P036,2025-10-30,3,0.15,10072.5,865.5,8.592702903946389,1510.875,8561.625
O0927,C094,P005,2026-03-23,4,0.05,14177.8,4197.8,29.608260802099057,708.89,13468.91
O0928,C035,P005,2025-07-06,3,0.05,10633.35,3148.35,29.608260802099057,531.6675,10101.6825
O0929,C131,P025,2025-07-17,2,0.1,1918.8,696.8,36.31436314363143,191.88,1726.92
O0930,C001,P023,2025-04-15,2,0.1,6562.8,902.8,13.756323520448587,656.2800000000001,5906.52
O0931,C199,P049,2026-06-07,3,0.05,4232.25,1307.25,30.88782562466773,211.6125,4020.6375
O0932,C088,P030,2025-12-21,5,0.0,7545.0,3575.0,47.38237243207422,0.0,7545.0
O0933,C027,P010,2025-11-22,1,0.1,2882.7,702.7,24.376452631213795,288.27,2594.43
O0934,C095,P002,2025-07-29,3,0.1,13192.2,5164.2,39.145858916632555,1319.2200000000003,11872.98
O0935,C124,P045,2025-04-12,4,0.1,17193.6,7573.6,44.04894844593338,1719.36,15474.239999999998
O0936,C080,P029,2025-04-24,3,0.15,1430.55,248.55,17.374436405578276,214.58249999999998,1215.9675
O0937,C020,P016,2026-06-05,5,0.05,13509.0,3119.0,23.088311496039676,675.45,12833.55
O0938,C071,P033,2025-10-28,2,0.0,7550.0,2768.0,36.66225165562914,0.0,7550.0
O0939,C021,P008,2025-06-11,4,0.15,15874.6,4366.6,27.506834817885178,2381.19,13493.41
O0940,C163,P003,2026-03-05,2,0.15,7519.1,1137.1,15.12282055033182,1127.865,6391.235000000001
O0941,C072,P001,2025-02-02,3,0.15,11092.5,3283.5,29.601081812035158,1663.875,9428.625
O0942,C028,P031,2025-12-25,5,0.05,22800.0,3845.0,16.864035087719298,1140.0,21660.0
O0943,C162,P029,2025-07-20,4,0.0,2244.0,668.0,29.76827094474153,0.0,2244.0
O0944,C105,P023,2025-06-04,1,0.1,3281.4,451.4,13.756323520448587,328.14000000000004,2953.26
O0945,C149,P030,2025-12-23,4,0.15,5130.6,1954.6,38.09690874361672,769.59,4361.01
O0946,C178,P045,2025-01-29,2,0.0,9552.0,4742.0,49.64405360134003,0.0,9552.0
O0947,C189,P042,2026-03-28,5,0.1,14233.5,5153.5,36.2068359855271,1423.3500000000001,12810.15
O0948,C088,P039,2025-03-30,2,0.05,5593.6,2375.6,42.4699656750572,279.68,5313.92
O0949,C054,P038,2026-04-17,4,0.05,11343.0,3587.0,31.623027417790706,567.15,10775.85
O0950,C188,P048,2025-03-13,4,0.0,13800.0,5920.0,42.89855072463768,0.0,13800.0
O0951,C152,P030,2025-06-21,2,0.15,2565.3,977.3,38.09690874361672,384.795,2180.505
O0952,C179,P030,2025-07-24,3,0.15,3847.95,1465.95,38.09690874361674,577.1925,3270.7574999999997
O0953,C045,P022,2026-01-21,5,0.0,19145.0,4725.0,24.680073126142595,0.0,19145.0
O0954,C044,P030,2025-10-04,3,0.05,4300.65,1918.65,44.61302361270971,215.0325,4085.6175
O0955,C176,P031,2025-09-30,1,0.0,4800.0,1009.0,21.020833333333332,0.0,4800.0
O0956,C190,P031,2026-04-09,4,0.15,16320.0,1156.0,7.083333333333333,2448.0,13872.0
O0957,C187,P020,2025-01-31,1,0.05,3482.7,1181.7,33.93057110862262,174.135,3308.5649999999996
O0958,C155,P002,2025-03-18,1,0.05,4641.7,1965.7,42.34870844733611,232.085,4409.615
O0959,C155,P001,2026-05-13,5,0.1,19575.0,6560.0,33.51213282247765,1957.5,17617.5
O0960,C097,P029,2025-08-09,4,0.15,1907.4,331.4,17.374436405578273,286.11,1621.29
O0961,C036,P042,2026-01-13,2,0.1,5693.4,2061.4,36.2068359855271,569.34,5124.0599999999995
O0962,C041,P027,2026-03-19,2,0.05,2376.9,982.9,41.35218141276452,118.84500000000001,2258.0550000000003
O0963,C187,P029,2026-04-24,2,0.1,1009.8,221.8,21.964745494157263,100.98,908.8199999999999
O0964,C164,P025,2026-05-04,5,0.1,4797.0,1742.0,36.31436314363143,479.70000000000005,4317.3
O0965,C077,P035,2025-06-27,1,0.1,2642.4,1002.4,37.935210414774446,264.24,2378.16
O0966,C197,P042,2025-10-10,2,0.15,5377.1,1745.1,32.45429692585222,806.565,4570.535
O0967,C134,P027,2025-05-16,2,0.05,2376.9,982.9,41.35218141276452,118.84500000000001,2258.0550000000003
O0968,C118,P028,2025-12-22,3,0.1,12406.5,3970.5,32.00338532221013,1240.65,11165.85
O0969,C172,P041,2026-03-15,2,0.1,8836.2,3042.2,34.428826871279504,883.6200000000001,7952.580000000001
O0970,C167,P048,2026-04-07,2,0.1,6210.0,2270.0,36.553945249597426,621.0,5589.0
O0971,C122,P028,2025-11-12,4,0.1,16542.0,5294.0,32.00338532221013,1654.2,14887.8
O0972,C162,P017,2026-05-30,5,0.15,8079.25,1614.25,19.98019618157626,1211.8875,6867.3625
O0973,C153,P041,2026-06-18,5,0.1,22090.5,7605.5,34.42882687127951,2209.05,19881.45
O0974,C067,P042,2026-02-19,5,0.0,15815.0,6735.0,42.58615238697439,0.0,15815.0
O0975,C063,P015,2025-08-16,4,0.0,8748.0,4124.0,47.142203932327384,0.0,8748.0
O0976,C077,P034,2026-05-08,3,0.05,4289.25,1769.25,41.2484700122399,214.4625,4074.7875
O0977,C171,P046,2026-05-29,2,0.05,8181.4,3579.4,43.75045835676046,409.07,7772.33
O0978,C115,P009,2025-08-31,1,0.15,1456.05,449.05,30.840287078053642,218.4075,1237.6425
O0979,C167,P044,2025-04-12,4,0.05,12730.0,4650.0,36.52788688138256,636.5,12093.5
O0980,C180,P022,2026-01-11,3,0.15,9763.95,1111.95,11.388321324873642,1464.5925,8299.3575
O0981,C187,P010,2025-11-07,5,0.15,13612.75,2712.75,19.928008668344017,2041.9125,11570.8375
O0982,C015,P048,2025-02-26,4,0.05,13110.0,5230.0,39.89321128909229,655.5,12454.5
O0983,C136,P026,2026-01-17,3,0.15,2210.85,140.85,6.370852839405658,331.6275,1879.2224999999999
O0984,C175,P009,2025-08-13,4,0.05,6509.4,2481.4,38.120256859311155,325.47,6183.929999999999
O0985,C078,P040,2025-05-06,1,0.1,1911.6,471.6,24.67043314500942,191.16,1720.4399999999998
O0986,C137,P014,2025-02-03,4,0.1,2005.2,589.2,29.3836026331538,200.52,1804.68
O0987,C029,P033,2026-06-17,3,0.05,10758.75,3585.75,33.32868595329383,537.9375,10220.8125
O0988,C158,P039,2025-03-19,5,0.1,13248.0,5203.0,39.27385265700483,1324.8000000000002,11923.2
O0989,C104,P016,2025-11-02,3,0.05,8105.4,1871.4,23.08831149603968,405.27,7700.129999999999
O0990,C050,P049,2026-01-29,4,0.15,5049.0,1149.0,22.756981580510992,757.35,4291.65
O0991,C036,P027,2025-09-26,5,0.15,5316.75,1831.75,34.45243804956035,797.5124999999999,4519.2375
O0992,C156,P023,2025-06-13,1,0.0,3646.0,816.0,22.38069116840373,0.0,3646.0
O0993,C103,P002,2025-11-10,4,0.15,16612.4,5908.4,35.56620355878741,2491.86,14120.54
O0994,C090,P032,2025-04-26,1,0.15,1898.9,781.9,41.17647058823529,284.835,1614.065
O0995,C112,P017,2025-07-11,4,0.05,7223.8,2051.8,28.403333425620865,361.19000000000005,6862.610000000001
O0996,C128,P011,2026-03-26,5,0.1,6624.0,934.0,14.100241545893718,662.4000000000001,5961.6
O0997,C099,P002,2026-05-27,1,0.05,4641.7,1965.7,42.34870844733611,232.085,4409.615
O0998,C153,P028,2026-06-20,3,0.0,13785.0,5349.0,38.80304678998912,0.0,13785.0
O0999,C015,P050,2025-06-17,2,0.0,2644.0,1028.0,38.88048411497731,0.0,2644.0
O1000,C001,P027,2025-07-03,3,0.15,3190.05,1099.05,34.45243804956035,478.5075,2711.5425
