Order_ID,Customer_ID,Product_ID,Order_Date,Quantity,Discount,Sales,Profit
O0001,C041,P042,2025-07-05,2,0.15,5377.1,1745.1
O0002,C185,P036,2025-10-30,3,0.15,10072.5,865.5
O0003,C046,P029,2026-02-05,1,0.05,532.95,138.95
O0004,C136,P041,2026-03-19,3,0.1,13254.3,4563.3
O0005,C159,P048,2026-06-01,1,0.05,3277.5,1307.5
O0006,C016,P024,2025-05-07,4,0.1,4492.8,1840.8
O0007,C023,P038,2025-03-14,4,0.15,10149.0,2393.0
O0008,C128,P009,2026-02-23,2,0.1,3083.4,1069.4
O0009,C091,P049,2025-07-17,3,0,4455,1530
O0010,C010,P031,2026-04-03,3,0.05,13680.0,2307.0
O0011,C131,P022,2025-10-11,3,0,11487,2835
O0012,C126,P035,2026-05-14,2,0.05,5578.4,2298.4
O0013,C194,P001,2026-04-22,4,0,17400,6988
O0014,C161,P042,2025-09-18,4,0.05,12019.4,4755.4
O0015,C035,P032,2025-08-23,5,0.1,10053.0,4468.0
O0016,C051,P015,2025-06-12,3,0.1,5904.9,2436.9
O0017,C027,P032,2025-09-22,3,0.05,6366.9,3015.9
O0018,C105,P045,2025-09-13,3,0.05,13611.6,6396.6
O0019,C034,P004,2026-02-23,3,0.15,12428.7,1259.7
O0020,C073,P022,2025-04-04,4,0.05,14550.2,3014.2
O0021,C183,P002,2025-01-26,2,0,9772,4420
O0022,C019,P033,2026-03-14,3,0.1,10192.5,3019.5
O0023,C073,P042,2026-06-12,3,0,9489,4041
O0024,C047,P024,2025-05-14,5,0.05,5928.0,2613.0
O0025,C144,P007,2025-12-07,2,0.1,8627.4,2999.4
O0026,C181,P011,2025-11-07,2,0.1,2649.6,373.6
O0027,C086,P013,2025-01-31,2,0.15,2067.2,617.2
O0028,C128,P011,2025-10-28,1,0,1472,334
O0029,C143,P029,2026-02-12,5,0.05,2664.75,694.75
O0030,C089,P037,2025-12-27,1,0.15,1018.3,391.3
O0031,C052,P007,2026-03-16,2,0.05,9106.7,3478.7
O0032,C120,P021,2025-07-05,3,0.05,7925.85,3026.85
O0033,C061,P045,2025-11-16,3,0.1,12895.2,5680.2
O0034,C041,P045,2025-06-02,3,0.15,12178.8,4963.8
O0035,C053,P037,2025-07-18,1,0.15,1018.3,391.3
O0036,C086,P037,2026-01-14,4,0,4792,2284
O0037,C018,P030,2025-01-18,1,0.15,1282.65,488.65
O0038,C077,P030,2025-11-03,2,0.1,2716.2,1128.2
O0039,C141,P045,2025-05-26,2,0,9552,4742
O0040,C127,P031,2025-10-26,2,0.05,9120.0,1538.0
O0041,C102,P017,2025-10-21,1,0.05,1805.95,512.95
O0042,C151,P031,2026-02-19,3,0.05,13680.0,2307.0
O0043,C044,P017,2026-01-16,3,0.15,4847.55,968.55
O0044,C152,P002,2025-11-28,4,0.15,16612.4,5908.4
O0045,C171,P018,2026-01-29,2,0,7340,3636
O0046,C118,P003,2026-05-07,3,0.15,11278.65,1705.65
O0047,C074,P020,2025-10-31,2,0,7332,2730
O0048,C123,P022,2025-01-04,2,0,7658,1890
O0049,C131,P031,2025-03-07,1,0.05,4560.0,769.0
O0050,C131,P036,2025-03-26,2,0,7900,1762
O0051,C095,P040,2025-07-24,1,0.05,2017.8,577.8
O0052,C012,P037,2026-05-11,1,0,1198,571
O0053,C072,P028,2026-03-31,4,0.05,17461.0,6213.0
O0054,C005,P002,2025-01-01,4,0.1,17589.6,6885.6
O0055,C120,P025,2026-01-13,3,0.1,2878.2,1045.2
O0056,C118,P007,2026-06-16,1,0.1,4313.7,1499.7
O0057,C026,P010,2025-08-21,4,0.05,12171.4,3451.4
O0058,C052,P034,2025-06-17,3,0,4515,1995
O0059,C145,P002,2025-12-11,5,0.15,20765.5,7385.5
O0060,C017,P035,2025-01-03,1,0.05,2789.2,1149.2
O0061,C027,P048,2025-02-05,5,0,17250,7400
O0062,C120,P034,2025-12-18,3,0.05,4289.25,1769.25
O0063,C060,P010,2025-10-03,3,0,9609,3069
O0064,C141,P006,2025-07-23,4,0.15,2155.6,423.6
O0065,C010,P013,2025-11-28,5,0.15,5168.0,1543.0
O0066,C141,P006,2026-02-06,2,0.05,1204.6,338.6
O0067,C044,P017,2026-03-21,3,0.1,5132.7,1253.7
O0068,C034,P034,2025-12-19,3,0,4515,1995
O0069,C176,P012,2025-05-24,4,0,17904,5204
O0070,C056,P043,2025-05-23,3,0.05,7598.1,2033.1
O0071,C053,P004,2025-10-16,1,0.1,4386.6,663.6
O0072,C117,P010,2025-07-04,5,0.15,13612.75,2712.75
O0073,C115,P028,2026-06-21,4,0.05,17461.0,6213.0
O0074,C105,P044,2026-05-11,5,0,16750,6650
O0075,C074,P005,2025-02-17,1,0,3731,1236
O0076,C151,P030,2025-07-16,5,0.15,6413.25,2443.25
O0077,C042,P023,2025-04-22,3,0,10938,2448
O0078,C133,P033,2025-10-03,2,0,7550,2768
O0079,C064,P045,2025-01-31,4,0.1,17193.6,7573.6
O0080,C099,P038,2025-05-17,5,0.15,12686.25,2991.25
O0081,C178,P016,2025-01-08,4,0,11376,3064
O0082,C090,P013,2025-12-09,4,0.05,4620.8,1720.8
O0083,C069,P006,2025-08-03,4,0.05,2409.2,677.2
O0084,C007,P007,2025-03-20,1,0,4793,1979
O0085,C109,P043,2025-01-11,2,0.1,4798.8,1088.8
O0086,C098,P033,2025-08-01,2,0.05,7172.5,2390.5
O0087,C070,P025,2026-05-26,5,0,5330,2275
O0088,C073,P019,2025-06-05,3,0.05,5187.0,1122.0
O0089,C027,P048,2026-02-27,4,0.05,13110.0,5230.0
O0090,C157,P010,2025-11-01,3,0,9609,3069
O0091,C133,P010,2025-03-15,1,0.15,2722.55,542.55
O0092,C193,P041,2025-06-03,4,0,19636,8048
O0093,C172,P038,2025-03-01,2,0.1,5373.0,1495.0
O0094,C161,P022,2026-03-18,2,0.1,6892.2,1124.2
O0095,C022,P001,2026-01-10,1,0,4350,1747
O0096,C164,P029,2026-03-18,4,0,2244,668
O0097,C029,P020,2026-03-24,5,0.1,16497.0,4992.0
O0098,C177,P045,2025-02-14,4,0.05,18148.8,8528.8
O0099,C070,P021,2025-01-12,4,0.1,10011.6,3479.6
O0100,C184,P015,2025-01-26,1,0.15,1858.95,702.95
O0101,C040,P001,2025-05-23,5,0,21750,8735
O0102,C086,P019,2026-04-28,3,0.1,4914.0,849.0
O0103,C193,P008,2025-02-20,3,0.05,13306.65,4675.65
O0104,C052,P022,2026-01-09,3,0.1,10338.3,1686.3
O0105,C192,P021,2025-09-11,4,0,11124,4592
O0106,C011,P040,2025-05-13,2,0,4248,1368
O0107,C021,P026,2025-10-12,1,0.15,736.95,46.95
O0108,C035,P001,2025-08-01,2,0,8700,3494
O0109,C135,P005,2026-06-23,5,0.1,16789.5,4314.5
O0110,C172,P035,2025-06-28,3,0.05,8367.6,3447.6
O0111,C096,P010,2026-01-27,1,0.15,2722.55,542.55
O0112,C064,P039,2025-07-11,5,0.15,12512.0,4467.0
O0113,C083,P033,2026-03-09,4,0.05,14345.0,4781.0
O0114,C110,P029,2026-02-16,4,0.15,1907.4,331.4
O0115,C070,P014,2025-06-12,1,0.1,501.3,147.3
O0116,C133,P004,2025-05-26,3,0,14622,3453
O0117,C143,P041,2026-05-24,3,0,14727,6036
O0118,C020,P037,2025-05-08,5,0.15,5091.5,1956.5
O0119,C062,P044,2025-11-29,5,0.05,15912.5,5812.5
O0120,C180,P031,2026-01-23,1,0.15,4080.0,289.0
O0121,C025,P019,2025-12-07,5,0.05,8645.0,1870.0
O0122,C177,P030,2025-10-26,5,0,7545,3575
O0123,C031,P029,2026-02-05,3,0.05,1598.85,416.85
O0124,C089,P036,2026-06-16,3,0.05,11257.5,2050.5
O0125,C096,P032,2025-04-24,4,0.1,8042.4,3574.4
O0126,C010,P037,2026-03-20,2,0,2396,1142
O0127,C102,P024,2025-10-05,3,0.1,3369.6,1380.6
O0128,C050,P028,2026-04-07,3,0,13785,5349
O0129,C073,P019,2025-02-18,3,0.1,4914.0,849.0
O0130,C084,P043,2025-01-23,3,0,7998,2433
O0131,C096,P021,2026-05-18,4,0.15,9455.4,2923.4
O0132,C016,P036,2025-11-14,5,0.15,16787.5,1442.5
O0133,C113,P012,2025-05-02,5,0.05,21261.0,5386.0
O0134,C049,P041,2025-08-22,2,0.05,9327.1,3533.1
O0135,C184,P002,2025-04-10,4,0.1,17589.6,6885.6
O0136,C145,P050,2026-03-13,2,0.05,2511.8,895.8
O0137,C171,P024,2025-02-10,1,0.05,1185.6,522.6
O0138,C092,P045,2025-01-14,1,0.15,4059.6,1654.6
O0139,C146,P018,2025-09-13,2,0.15,6239.0,2535.0
O0140,C013,P022,2025-11-02,2,0,7658,1890
O0141,C086,P015,2025-11-24,1,0,2187,1031
O0142,C037,P046,2025-06-21,2,0.05,8181.4,3579.4
O0143,C019,P031,2025-01-22,2,0,9600,2018
O0144,C025,P013,2025-08-04,1,0.1,1094.4,369.4
O0145,C172,P015,2026-06-21,1,0.15,1858.95,702.95
O0146,C017,P032,2026-03-27,4,0.05,8489.2,4021.2
O0147,C178,P025,2025-08-29,4,0.05,4050.8,1606.8
O0148,C047,P025,2026-05-29,3,0,3198,1365
O0149,C009,P017,2026-02-07,2,0.1,3421.8,835.8
O0150,C155,P046,2025-01-13,5,0.15,18300.5,6795.5
O0151,C056,P005,2025-03-14,5,0.15,15856.75,3381.75
O0152,C167,P028,2025-09-11,1,0.1,4135.5,1323.5
O0153,C031,P006,2025-06-20,4,0.05,2409.2,677.2
O0154,C151,P029,2025-06-06,1,0.05,532.95,138.95
O0155,C026,P045,2026-02-20,2,0.15,8119.2,3309.2
O0156,C045,P013,2025-12-17,5,0.1,5472.0,1847.0
O0157,C182,P025,2025-02-13,1,0.15,906.1,295.1
O0158,C073,P002,2026-03-16,2,0.1,8794.8,3442.8
O0159,C149,P038,2025-07-29,4,0,11940,4184
O0160,C117,P017,2025-05-26,2,0.1,3421.8,835.8
O0161,C139,P024,2025-10-30,2,0.15,2121.6,795.6
O0162,C154,P031,2026-03-13,1,0.1,4320.0,529.0
O0163,C012,P013,2026-01-05,5,0.15,5168.0,1543.0
O0164,C136,P042,2026-01-18,5,0.1,14233.5,5153.5
O0165,C147,P008,2025-03-28,1,0,4669,1792
O0166,C004,P009,2026-01-18,3,0.05,4882.05,1861.05
O0167,C058,P033,2026-06-25,5,0.05,17931.25,5976.25
O0168,C096,P027,2025-12-28,2,0.15,2126.7,732.7
O0169,C182,P049,2025-10-07,1,0.1,1336.5,361.5
O0170,C142,P007,2026-01-14,2,0,9586,3958
O0171,C191,P038,2025-04-29,4,0,11940,4184
O0172,C007,P022,2025-09-04,5,0.15,16273.25,1853.25
O0173,C094,P022,2025-04-01,1,0.05,3637.55,753.55
O0174,C054,P002,2026-04-11,5,0.05,23208.5,9828.5
O0175,C161,P023,2025-10-09,5,0.1,16407.0,2257.0
O0176,C110,P035,2025-02-21,1,0.15,2495.6,855.6
O0177,C027,P019,2025-12-25,2,0,3640,930
O0178,C196,P046,2026-04-20,4,0.1,15501.6,6297.6
O0179,C154,P028,2025-12-08,1,0.05,4365.25,1553.25
O0180,C146,P037,2025-06-13,5,0.05,5690.5,2555.5
O0181,C190,P037,2025-06-26,3,0.15,3054.9,1173.9
O0182,C177,P042,2026-02-10,1,0,3163,1347
O0183,C041,P002,2026-04-22,1,0.15,4153.1,1477.1
O0184,C074,P010,2025-11-08,1,0,3203,1023
O0185,C048,P015,2025-04-27,5,0.15,9294.75,3514.75
O0186,C163,P013,2025-02-18,2,0,2432,982
O0187,C104,P035,2026-06-14,1,0.1,2642.4,1002.4
O0188,C089,P030,2025-06-13,4,0.15,5130.6,1954.6
O0189,C153,P035,2026-01-03,2,0.15,4991.2,1711.2
O0190,C057,P026,2026-03-23,5,0.1,3901.5,451.5
O0191,C042,P050,2026-05-13,5,0,6610,2570
O0192,C016,P005,2025-09-30,4,0,14924,4944
O0193,C101,P024,2025-09-08,3,0.15,3182.4,1193.4
O0194,C104,P010,2025-11-13,3,0,9609,3069
O0195,C028,P007,2025-07-11,1,0.05,4553.35,1739.35
O0196,C048,P030,2025-12-15,4,0.05,5734.2,2558.2
O0197,C104,P022,2025-08-11,2,0.05,7275.1,1507.1
O0198,C041,P014,2026-03-19,3,0,1671,609
O0199,C099,P016,2026-05-07,1,0.05,2701.8,623.8
O0200,C173,P002,2026-01-11,5,0,24430,11050
O0201,C001,P026,2025-05-06,3,0.15,2210.85,140.85
O0202,C157,P041,2026-05-24,5,0,24545,10060
O0203,C061,P038,2025-04-21,4,0.05,11343.0,3587.0
O0204,C005,P032,2026-01-29,4,0.15,7595.6,3127.6
O0205,C143,P030,2026-06-18,2,0.15,2565.3,977.3
O0206,C151,P041,2026-06-15,1,0,4909,2012
O0207,C180,P048,2025-09-12,2,0.1,6210.0,2270.0
O0208,C073,P008,2025-10-26,4,0.05,17742.2,6234.2
O0209,C143,P015,2025-07-29,5,0.05,10388.25,4608.25
O0210,C131,P020,2026-03-19,3,0.15,9348.3,2445.3
O0211,C026,P013,2025-03-06,2,0,2432,982
O0212,C090,P010,2025-01-19,4,0.15,10890.2,2170.2
O0213,C186,P044,2025-08-26,2,0.1,6030.0,1990.0
O0214,C131,P017,2025-08-20,3,0.1,5132.7,1253.7
O0215,C141,P039,2025-01-09,4,0.1,10598.4,4162.4
O0216,C191,P014,2025-12-20,3,0.1,1503.9,441.9
O0217,C134,P017,2025-08-17,4,0.05,7223.8,2051.8
O0218,C016,P017,2025-02-19,1,0.1,1710.9,417.9
O0219,C101,P036,2026-01-03,2,0.1,7110.0,972.0
O0220,C132,P050,2025-09-10,3,0,3966,1542
O0221,C190,P029,2025-01-11,4,0,2244,668
O0222,C030,P010,2025-01-13,2,0,6406,2046
O0223,C140,P011,2025-07-22,5,0.15,6256.0,566.0
O0224,C014,P011,2025-10-24,2,0.15,2502.4,226.4
O0225,C188,P006,2025-12-01,4,0.15,2155.6,423.6
O0226,C077,P035,2025-10-08,2,0.15,4991.2,1711.2
O0227,C044,P001,2026-04-13,2,0.15,7395.0,2189.0
O0228,C146,P030,2026-01-10,3,0,4527,2145
O0229,C060,P036,2025-10-18,5,0.05,18762.5,3417.5
O0230,C042,P028,2025-08-25,2,0.05,8730.5,3106.5
O0231,C006,P002,2026-04-28,4,0.1,17589.6,6885.6
O0232,C161,P046,2025-01-20,3,0,12918,6015
O0233,C162,P014,2026-03-18,3,0.15,1420.35,358.35
O0234,C099,P032,2025-09-17,2,0.15,3797.8,1563.8
O0235,C019,P007,2026-03-07,3,0.1,12941.1,4499.1
O0236,C016,P029,2025-11-17,3,0,1683,501
O0237,C056,P030,2025-03-17,4,0.15,5130.6,1954.6
O0238,C104,P019,2025-06-17,1,0.15,1547.0,192.0
O0239,C194,P042,2026-06-09,2,0.15,5377.1,1745.1
O0240,C031,P035,2025-06-11,5,0.15,12478.0,4278.0
O0241,C027,P037,2025-10-03,4,0.1,4312.8,1804.8
O0242,C073,P049,2025-12-03,5,0,7425,2550
O0243,C109,P040,2025-11-07,4,0.1,7646.4,1886.4
O0244,C142,P030,2026-05-31,3,0,4527,2145
O0245,C047,P050,2025-04-17,2,0.05,2511.8,895.8
O0246,C116,P048,2025-10-14,5,0,17250,7400
O0247,C075,P005,2025-11-26,1,0.15,3171.35,676.35
O0248,C178,P033,2025-07-12,2,0.15,6417.5,1635.5
O0249,C093,P003,2026-02-04,4,0.1,15922.8,3158.8
O0250,C151,P007,2026-03-20,5,0.1,21568.5,7498.5
O0251,C199,P042,2025-02-13,5,0.05,15024.25,5944.25
O0252,C031,P020,2025-07-10,3,0.15,9348.3,2445.3
O0253,C197,P026,2025-12-14,4,0.1,3121.2,361.2
O0254,C146,P008,2025-11-07,3,0.15,11905.95,3274.95
O0255,C155,P002,2025-02-23,5,0.15,20765.5,7385.5
O0256,C142,P038,2025-11-19,4,0.15,10149.0,2393.0
O0257,C163,P025,2025-06-25,2,0.15,1812.2,590.2
O0258,C123,P039,2026-03-11,1,0.1,2649.6,1040.6
O0259,C144,P004,2026-03-20,1,0.05,4630.3,907.3
O0260,C069,P015,2025-12-29,1,0.15,1858.95,702.95
O0261,C026,P035,2025-03-26,4,0.05,11156.8,4596.8
O0262,C014,P028,2025-11-03,3,0.15,11717.25,3281.25
O0263,C146,P040,2025-08-12,4,0.15,7221.6,1461.6
O0264,C057,P029,2025-07-27,5,0,2805,835
O0265,C063,P046,2026-03-12,1,0.1,3875.4,1574.4
O0266,C029,P020,2025-11-23,4,0.15,12464.4,3260.4
O0267,C175,P016,2025-01-10,1,0.05,2701.8,623.8
O0268,C198,P045,2025-05-18,3,0,14328,7113
O0269,C129,P037,2025-04-17,3,0,3594,1713
O0270,C162,P011,2025-02-11,1,0.05,1398.4,260.4
O0271,C075,P013,2026-04-15,2,0.15,2067.2,617.2
O0272,C163,P041,2025-03-10,3,0,14727,6036
O0273,C103,P039,2026-03-20,3,0.1,7948.8,3121.8
O0274,C059,P038,2025-04-02,1,0.15,2537.25,598.25
O0275,C079,P005,2026-04-27,3,0,11193,3708
O0276,C115,P003,2026-02-03,5,0.1,19903.5,3948.5
O0277,C088,P016,2026-05-19,2,0,5688,1532
O0278,C058,P043,2025-10-22,2,0.05,5065.4,1355.4
O0279,C069,P009,2026-06-10,5,0,8565,3530
O0280,C145,P026,2026-01-28,2,0.1,1560.6,180.6
O0281,C177,P007,2025-10-29,1,0,4793,1979
O0282,C130,P048,2025-10-03,3,0,10350,4440
O0283,C165,P031,2025-07-31,5,0.05,22800.0,3845.0
O0284,C126,P049,2026-04-08,4,0,5940,2040
O0285,C159,P032,2025-08-11,5,0.1,10053.0,4468.0
O0286,C082,P009,2025-10-13,5,0.15,7280.25,2245.25
O0287,C044,P013,2025-08-19,2,0.1,2188.8,738.8
O0288,C020,P007,2025-03-09,3,0.1,12941.1,4499.1
O0289,C186,P050,2025-02-15,2,0,2644,1028
O0290,C093,P013,2025-03-20,4,0.05,4620.8,1720.8
O0291,C087,P048,2025-09-27,5,0.1,15525.0,5675.0
O0292,C115,P014,2025-01-25,1,0,557,203
O0293,C130,P021,2026-04-22,1,0.05,2641.95,1008.95
O0294,C113,P049,2025-11-29,5,0.15,6311.25,1436.25
O0295,C143,P004,2025-03-31,5,0.15,20714.5,2099.5
O0296,C117,P018,2025-02-12,5,0.1,16515.0,7255.0
O0297,C008,P043,2025-02-16,1,0,2666,811
O0298,C073,P006,2025-02-02,2,0.15,1077.8,211.8
O0299,C055,P007,2025-02-01,4,0.1,17254.8,5998.8
O0300,C009,P001,2025-08-23,5,0.05,20662.5,7647.5
O0301,C165,P016,2025-04-29,5,0,14220,3830
O0302,C080,P018,2026-01-07,2,0,7340,3636
O0303,C054,P032,2025-10-04,2,0.1,4021.2,1787.2
O0304,C157,P035,2026-02-03,4,0,11744,5184
O0305,C036,P026,2026-05-23,1,0,867,177
O0306,C126,P013,2025-06-23,1,0.05,1155.2,430.2
O0307,C166,P044,2025-10-29,1,0,3350,1330
O0308,C147,P039,2025-01-04,2,0.15,5004.8,1786.8
O0309,C032,P047,2025-08-04,3,0,4836,1860
O0310,C063,P039,2025-08-28,4,0,11776,5340
O0311,C062,P043,2025-06-01,1,0,2666,811
O0312,C155,P012,2026-02-06,4,0,17904,5204
O0313,C170,P044,2026-05-15,2,0.05,6365.0,2325.0
O0314,C050,P010,2025-09-23,1,0,3203,1023
O0315,C186,P006,2025-10-27,3,0.1,1711.8,412.8
O0316,C029,P023,2026-06-10,4,0,14584,3264
O0317,C107,P044,2025-04-19,3,0.1,9045.0,2985.0
O0318,C132,P024,2026-04-15,3,0.15,3182.4,1193.4
O0319,C033,P007,2026-01-27,2,0.05,9106.7,3478.7
O0320,C198,P029,2026-03-10,1,0.05,532.95,138.95
O0321,C040,P031,2025-06-10,5,0,24000,5045
O0322,C060,P021,2026-01-06,3,0.05,7925.85,3026.85
O0323,C055,P005,2025-01-11,5,0,18655,6180
O0324,C092,P011,2026-04-13,1,0.05,1398.4,260.4
O0325,C110,P038,2025-02-13,4,0,11940,4184
O0326,C128,P034,2025-02-24,4,0.05,5719.0,2359.0
O0327,C125,P042,2025-02-27,1,0.15,2688.55,872.55
O0328,C181,P002,2025-02-03,1,0,4886,2210
O0329,C062,P003,2026-01-26,3,0,13269,3696
O0330,C195,P007,2025-05-30,3,0.15,12222.15,3780.15
O0331,C177,P041,2026-06-12,2,0.1,8836.2,3042.2
O0332,C050,P027,2025-08-30,4,0,5004,2216
O0333,C042,P035,2025-07-13,5,0,14680,6480
O0334,C050,P041,2025-03-08,5,0.15,20863.25,6378.25
O0335,C133,P037,2025-10-02,1,0.05,1138.1,511.1
O0336,C041,P026,2026-02-23,1,0,867,177
O0337,C157,P005,2025-01-13,3,0.1,10073.7,2588.7
O0338,C149,P023,2026-01-15,5,0.1,16407.0,2257.0
O0339,C169,P016,2025-11-08,5,0.15,12087.0,1697.0
O0340,C135,P021,2026-04-29,1,0.15,2363.85,730.85
O0341,C073,P009,2026-03-29,2,0.1,3083.4,1069.4
O0342,C116,P037,2025-11-07,4,0.05,4552.4,2044.4
O0343,C133,P031,2026-03-31,3,0,14400,3027
O0344,C026,P023,2026-03-24,1,0.15,3099.1,269.1
O0345,C141,P007,2026-06-20,1,0,4793,1979
O0346,C128,P026,2026-02-23,4,0.15,2947.8,187.8
O0347,C153,P034,2026-01-26,5,0.05,7148.75,2948.75
O0348,C116,P023,2026-04-03,3,0,10938,2448
O0349,C046,P019,2026-02-15,2,0.1,3276.0,566.0
O0350,C015,P045,2025-07-05,2,0,9552,4742
O0351,C155,P003,2025-09-24,5,0,22115,6160
O0352,C055,P023,2025-02-26,1,0,3646,816
O0353,C181,P041,2026-05-31,4,0,19636,8048
O0354,C004,P010,2025-05-08,3,0.05,9128.55,2588.55
O0355,C022,P028,2026-06-08,3,0.15,11717.25,3281.25
O0356,C167,P049,2025-02-22,2,0.1,2673.0,723.0
O0357,C118,P005,2025-01-30,1,0.05,3544.45,1049.45
O0358,C114,P012,2025-06-17,2,0.05,8504.4,2154.4
O0359,C094,P040,2025-11-24,1,0.1,1911.6,471.6
O0360,C079,P012,2025-12-17,3,0.05,12756.6,3231.6
O0361,C072,P006,2025-02-02,2,0,1268,402
O0362,C098,P036,2026-06-14,4,0.05,15010.0,2734.0
O0363,C015,P045,2025-10-24,1,0.1,4298.4,1893.4
O0364,C064,P018,2025-12-27,4,0.05,13946.0,6538.0
O0365,C161,P035,2025-05-28,4,0.1,10569.6,4009.6
O0366,C032,P034,2026-02-24,5,0.05,7148.75,2948.75
O0367,C058,P019,2025-09-24,3,0.05,5187.0,1122.0
O0368,C101,P029,2025-02-14,4,0,2244,668
O0369,C037,P017,2025-10-04,1,0.1,1710.9,417.9
O0370,C135,P028,2026-04-04,5,0,22975,8915
O0371,C171,P041,2025-12-26,3,0.1,13254.3,4563.3
O0372,C120,P002,2025-11-26,2,0.05,9283.4,3931.4
O0373,C029,P025,2026-05-16,2,0.05,2025.4,803.4
O0374,C031,P004,2026-06-20,3,0,14622,3453
O0375,C125,P022,2025-03-10,1,0.15,3254.65,370.65
O0376,C034,P017,2026-03-31,4,0,7604,2432
O0377,C072,P025,2025-05-09,5,0.1,4797.0,1742.0
O0378,C179,P038,2025-04-19,2,0,5970,2092
O0379,C050,P037,2025-01-08,2,0.05,2276.2,1022.2
O0380,C101,P017,2025-01-01,4,0.15,6463.4,1291.4
O0381,C164,P045,2026-02-17,3,0.15,12178.8,4963.8
O0382,C093,P015,2025-03-28,3,0.05,6232.95,2764.95
O0383,C189,P029,2026-04-20,5,0,2805,835
O0384,C146,P014,2025-03-29,5,0.05,2645.75,875.75
O0385,C069,P043,2025-05-19,4,0.05,10130.8,2710.8
O0386,C193,P027,2025-12-28,4,0.15,4253.4,1465.4
O0387,C039,P046,2025-03-10,4,0.15,14640.4,5436.4
O0388,C088,P027,2026-03-14,5,0.15,5316.75,1831.75
O0389,C029,P047,2025-05-18,4,0.05,6125.6,2157.6
O0390,C120,P009,2025-05-07,4,0,6852,2824
O0391,C151,P047,2026-04-27,4,0.05,6125.6,2157.6
O0392,C086,P023,2025-12-06,4,0,14584,3264
O0393,C102,P003,2025-12-06,2,0.05,8403.7,2021.7
O0394,C098,P047,2026-04-22,3,0,4836,1860
O0395,C142,P015,2025-05-15,5,0.1,9841.5,4061.5
O0396,C118,P006,2025-11-25,3,0.15,1616.7,317.7
O0397,C195,P005,2025-02-22,2,0,7462,2472
O0398,C050,P018,2025-03-09,5,0,18350,9090
O0399,C129,P017,2025-05-28,2,0.1,3421.8,835.8
O0400,C037,P043,2025-06-24,4,0.05,10130.8,2710.8
O0401,C035,P015,2025-05-11,2,0.05,4155.3,1843.3
O0402,C079,P047,2025-06-09,4,0,6448,2480
O0403,C109,P032,2025-05-24,3,0,6702,3351
O0404,C112,P009,2025-12-22,2,0.1,3083.4,1069.4
O0405,C009,P041,2025-03-12,3,0,14727,6036
O0406,C079,P009,2025-07-27,4,0.1,6166.8,2138.8
O0407,C114,P022,2026-03-14,4,0,15316,3780
O0408,C150,P010,2026-01-19,3,0.1,8648.1,2108.1
O0409,C131,P050,2025-03-27,4,0.05,5023.6,1791.6
O0410,C066,P038,2025-03-23,1,0.15,2537.25,598.25
O0411,C092,P032,2025-12-31,1,0,2234,1117
O0412,C098,P019,2025-02-12,4,0,7280,1860
O0413,C056,P018,2025-06-03,5,0.05,17432.5,8172.5
O0414,C142,P030,2025-12-12,4,0.1,5432.4,2256.4
O0415,C089,P029,2025-11-25,1,0.1,504.9,110.9
O0416,C199,P021,2026-06-10,5,0.05,13209.75,5044.75
O0417,C065,P035,2025-10-15,5,0.05,13946.0,5746.0
O0418,C031,P045,2026-05-27,4,0.05,18148.8,8528.8
O0419,C192,P012,2025-09-29,4,0.15,15218.4,2518.4
O0420,C190,P046,2025-06-29,3,0.1,11626.2,4723.2
O0421,C184,P032,2025-10-24,3,0.15,5696.7,2345.7
O0422,C152,P032,2025-12-28,4,0.1,8042.4,3574.4
O0423,C127,P048,2026-06-22,5,0.15,14662.5,4812.5
O0424,C197,P035,2026-02-20,5,0.1,13212.0,5012.0
O0425,C102,P011,2026-01-30,1,0.05,1398.4,260.4
O0426,C021,P013,2026-05-05,4,0.05,4620.8,1720.8
O0427,C057,P022,2026-05-20,5,0.1,17230.5,2810.5
O0428,C054,P010,2026-04-07,5,0,16015,5115
O0429,C007,P040,2025-06-18,2,0.1,3823.2,943.2
O0430,C062,P005,2025-05-16,5,0,18655,6180
O0431,C066,P001,2025-11-19,2,0,8700,3494
O0432,C025,P008,2026-02-11,1,0.15,3968.65,1091.65
O0433,C004,P040,2025-10-19,3,0.05,6053.4,1733.4
O0434,C149,P007,2026-05-13,2,0,9586,3958
O0435,C196,P017,2025-12-16,5,0.05,9029.75,2564.75
O0436,C144,P014,2025-08-29,1,0,557,203
O0437,C147,P035,2026-03-03,2,0,5872,2592
O0438,C152,P036,2025-12-26,4,0,15800,3524
O0439,C153,P039,2025-06-23,5,0.1,13248.0,5203.0
O0440,C051,P019,2025-11-10,4,0.15,6188.0,768.0
O0441,C152,P022,2026-03-11,2,0.1,6892.2,1124.2
O0442,C036,P033,2025-07-09,1,0,3775,1384
O0443,C176,P048,2025-04-18,1,0.05,3277.5,1307.5
O0444,C052,P018,2026-03-15,3,0.1,9909.0,4353.0
O0445,C138,P014,2026-02-08,1,0.15,473.45,119.45
O0446,C072,P037,2025-11-01,2,0.05,2276.2,1022.2
O0447,C182,P005,2025-01-07,2,0.15,6342.7,1352.7
O0448,C117,P019,2026-02-21,2,0,3640,930
O0449,C162,P005,2026-03-29,5,0,18655,6180
O0450,C006,P034,2025-05-06,4,0.05,5719.0,2359.0
O0451,C075,P038,2025-03-16,1,0.05,2835.75,896.75
O0452,C131,P050,2025-09-30,2,0.05,2511.8,895.8
O0453,C022,P017,2026-02-14,4,0,7604,2432
O0454,C120,P028,2026-04-19,4,0.05,17461.0,6213.0
O0455,C097,P016,2026-05-02,4,0.1,10238.4,1926.4
O0456,C157,P023,2025-06-02,5,0.15,15495.5,1345.5
O0457,C009,P010,2025-10-13,5,0.1,14413.5,3513.5
O0458,C125,P049,2026-05-03,5,0.1,6682.5,1807.5
O0459,C032,P009,2025-09-16,1,0.15,1456.05,449.05
O0460,C175,P003,2025-01-17,2,0.05,8403.7,2021.7
O0461,C138,P014,2025-04-08,4,0.05,2116.6,700.6
O0462,C152,P046,2025-11-09,2,0.05,8181.4,3579.4
O0463,C070,P015,2025-12-13,4,0.05,8310.6,3686.6
O0464,C178,P033,2025-04-22,4,0.05,14345.0,4781.0
O0465,C056,P037,2026-02-20,5,0.05,5690.5,2555.5
O0466,C134,P020,2025-07-29,4,0.1,13197.6,3993.6
O0467,C057,P019,2025-11-25,1,0.05,1729.0,374.0
O0468,C128,P046,2025-05-14,4,0.1,15501.6,6297.6
O0469,C172,P027,2025-04-11,4,0.05,4753.8,1965.8
O0470,C089,P014,2025-09-22,4,0.1,2005.2,589.2
O0471,C180,P045,2025-07-28,4,0.05,18148.8,8528.8
O0472,C102,P049,2025-04-16,2,0.1,2673.0,723.0
O0473,C073,P029,2026-06-17,2,0.15,953.7,165.7
O0474,C096,P036,2025-01-30,4,0.1,14220.0,1944.0
O0475,C136,P002,2026-01-15,1,0.15,4153.1,1477.1
O0476,C058,P032,2026-03-12,5,0.1,10053.0,4468.0
O0477,C028,P041,2026-06-09,2,0.05,9327.1,3533.1
O0478,C162,P032,2025-02-14,5,0,11170,5585
O0479,C167,P040,2025-01-28,3,0.1,5734.8,1414.8
O0480,C056,P031,2026-06-03,5,0,24000,5045
O0481,C177,P043,2025-03-05,2,0.05,5065.4,1355.4
O0482,C139,P025,2025-07-03,1,0.05,1012.7,401.7
O0483,C193,P044,2026-01-14,2,0.1,6030.0,1990.0
O0484,C186,P029,2026-03-13,1,0,561,167
O0485,C175,P003,2025-07-03,2,0.1,7961.4,1579.4
O0486,C016,P008,2026-06-19,3,0.1,12606.3,3975.3
O0487,C047,P006,2026-05-04,3,0.05,1806.9,507.9
O0488,C186,P038,2025-08-05,5,0,14925,5230
O0489,C014,P009,2025-12-31,4,0.1,6166.8,2138.8
O0490,C076,P041,2025-01-01,3,0.05,13990.65,5299.65
O0491,C052,P025,2025-10-07,1,0.15,906.1,295.1
O0492,C144,P049,2025-12-20,3,0,4455,1530
O0493,C176,P037,2025-12-29,4,0.1,4312.8,1804.8
O0494,C117,P030,2025-09-13,3,0.15,3847.95,1465.95
O0495,C127,P028,2025-03-10,2,0,9190,3566
O0496,C155,P021,2026-06-16,1,0.15,2363.85,730.85
O0497,C117,P034,2025-07-03,1,0.1,1354.5,514.5
O0498,C125,P036,2025-01-16,5,0.05,18762.5,3417.5
O0499,C186,P040,2026-01-27,4,0.15,7221.6,1461.6
O0500,C050,P043,2026-05-13,4,0.15,9064.4,1644.4
O0501,C127,P034,2025-12-21,1,0,1505,665
O0502,C163,P041,2026-04-10,4,0.15,16690.6,5102.6
O0503,C096,P038,2026-01-13,5,0.1,13432.5,3737.5
O0504,C161,P009,2026-01-27,4,0,6852,2824
O0505,C094,P019,2026-03-24,2,0,3640,930
O0506,C162,P003,2025-10-02,3,0.1,11942.1,2369.1
O0507,C116,P044,2026-01-12,1,0.15,2847.5,827.5
O0508,C100,P035,2025-09-09,4,0,11744,5184
O0509,C003,P024,2025-03-12,3,0.15,3182.4,1193.4
O0510,C133,P009,2025-12-15,1,0.15,1456.05,449.05
O0511,C090,P026,2025-06-07,5,0.05,4118.25,668.25
O0512,C137,P025,2025-10-07,1,0,1066,455
O0513,C103,P045,2025-02-14,5,0.1,21492.0,9467.0
O0514,C076,P034,2026-04-18,2,0,3010,1330
O0515,C187,P046,2025-09-20,4,0.05,16362.8,7158.8
O0516,C148,P048,2025-08-27,5,0,17250,7400
O0517,C185,P046,2026-02-22,5,0.05,20453.5,8948.5
O0518,C043,P002,2025-02-15,5,0,24430,11050
O0519,C114,P010,2025-04-21,4,0,12812,4092
O0520,C188,P047,2025-02-27,5,0.05,7657.0,2697.0
O0521,C112,P010,2026-05-14,4,0.1,11530.8,2810.8
O0522,C159,P012,2025-06-27,2,0,8952,2602
O0523,C195,P024,2026-02-04,5,0.05,5928.0,2613.0
O0524,C176,P021,2026-02-14,3,0.1,7508.7,2609.7
O0525,C110,P027,2025-09-06,5,0.1,5629.5,2144.5
O0526,C021,P024,2025-12-05,3,0.1,3369.6,1380.6
O0527,C047,P015,2026-03-18,2,0.15,3717.9,1405.9
O0528,C027,P015,2025-04-28,5,0.1,9841.5,4061.5
O0529,C118,P007,2026-04-07,4,0.15,16296.2,5040.2
O0530,C196,P007,2026-06-05,3,0,14379,5937
O0531,C107,P010,2026-01-08,4,0.1,11530.8,2810.8
O0532,C098,P050,2025-01-23,1,0,1322,514
O0533,C121,P031,2025-11-16,2,0,9600,2018
O0534,C142,P025,2026-04-24,2,0.1,1918.8,696.8
O0535,C152,P005,2026-01-20,2,0.15,6342.7,1352.7
O0536,C140,P013,2025-05-29,1,0.05,1155.2,430.2
O0537,C099,P038,2025-08-21,4,0.1,10746.0,2990.0
O0538,C136,P008,2025-08-29,5,0.1,21010.5,6625.5
O0539,C055,P044,2026-03-20,5,0.1,15075.0,4975.0
O0540,C090,P009,2025-10-20,1,0.1,1541.7,534.7
O0541,C049,P035,2025-04-04,5,0.05,13946.0,5746.0
O0542,C012,P032,2025-04-23,5,0.1,10053.0,4468.0
O0543,C144,P048,2026-06-13,2,0.15,5865.0,1925.0
O0544,C192,P048,2026-02-02,5,0,17250,7400
O0545,C044,P037,2025-01-11,3,0.05,3414.3,1533.3
O0546,C022,P049,2025-02-01,5,0.15,6311.25,1436.25
O0547,C093,P010,2025-05-02,1,0,3203,1023
O0548,C091,P021,2026-02-03,1,0,2781,1148
O0549,C178,P022,2025-06-19,2,0,7658,1890
O0550,C033,P036,2026-01-27,4,0.15,13430.0,1154.0
O0551,C079,P009,2025-08-07,4,0.15,5824.2,1796.2
O0552,C013,P007,2025-04-08,4,0,19172,7916
O0553,C091,P019,2026-04-27,4,0.05,6916.0,1496.0
O0554,C167,P021,2025-08-19,5,0.1,12514.5,4349.5
O0555,C027,P039,2025-08-03,2,0.1,5299.2,2081.2
O0556,C171,P042,2025-12-28,3,0,9489,4041
O0557,C025,P005,2026-01-04,2,0.05,7088.9,2098.9
O0558,C166,P030,2026-02-25,1,0.1,1358.1,564.1
O0559,C094,P042,2026-06-03,2,0.15,5377.1,1745.1
O0560,C190,P041,2025-05-08,1,0,4909,2012
O0561,C030,P029,2026-04-25,5,0.05,2664.75,694.75
O0562,C101,P026,2025-04-15,3,0.15,2210.85,140.85
O0563,C014,P029,2026-03-15,1,0.05,532.95,138.95
O0564,C181,P036,2026-02-28,3,0.15,10072.5,865.5
O0565,C072,P032,2025-02-14,1,0.1,2010.6,893.6
O0566,C150,P027,2025-11-01,1,0,1251,554
O0567,C161,P022,2025-09-07,4,0.1,13784.4,2248.4
O0568,C198,P011,2025-02-13,2,0,2944,668
O0569,C062,P042,2025-09-16,2,0.15,5377.1,1745.1
O0570,C034,P024,2026-06-15,2,0.1,2246.4,920.4
O0571,C016,P028,2026-02-09,2,0.1,8271.0,2647.0
O0572,C186,P002,2026-04-19,3,0.05,13925.1,5897.1
O0573,C015,P005,2025-09-17,1,0.15,3171.35,676.35
O0574,C195,P028,2025-09-13,5,0.15,19528.75,5468.75
O0575,C066,P016,2025-04-01,4,0.05,10807.2,2495.2
O0576,C053,P037,2026-03-23,1,0.1,1078.2,451.2
O0577,C034,P048,2025-04-04,1,0.15,2932.5,962.5
O0578,C009,P039,2025-09-20,5,0,14720,6675
O0579,C010,P048,2025-10-13,5,0.05,16387.5,6537.5
O0580,C120,P026,2025-02-18,2,0.05,1647.3,267.3
O0581,C192,P026,2026-02-03,3,0.15,2210.85,140.85
O0582,C101,P049,2025-01-16,4,0.05,5643.0,1743.0
O0583,C103,P041,2026-04-21,5,0.15,20863.25,6378.25
O0584,C004,P014,2025-04-22,4,0.05,2116.6,700.6
O0585,C076,P049,2025-05-20,1,0.15,1262.25,287.25
O0586,C077,P016,2025-01-13,3,0,8532,2298
O0587,C159,P004,2026-06-12,4,0.1,17546.4,2654.4
O0588,C104,P021,2025-05-06,5,0.1,12514.5,4349.5
O0589,C083,P043,2025-11-08,5,0,13330,4055
O0590,C013,P048,2025-10-30,3,0.1,9315.0,3405.0
O0591,C047,P002,2026-03-20,5,0.15,20765.5,7385.5
O0592,C099,P017,2026-05-28,1,0,1901,608
O0593,C127,P034,2026-03-09,4,0.05,5719.0,2359.0
O0594,C049,P030,2025-02-12,3,0,4527,2145
O0595,C123,P026,2025-04-17,2,0.05,1647.3,267.3
O0596,C044,P029,2025-05-10,5,0,2805,835
O0597,C101,P009,2025-03-13,5,0.1,7708.5,2673.5
O0598,C163,P012,2026-02-16,1,0.15,3804.6,629.6
O0599,C028,P039,2025-10-09,1,0,2944,1335
O0600,C101,P010,2025-06-09,5,0,16015,5115
O0601,C180,P040,2025-10-31,5,0.15,9027.0,1827.0
O0602,C118,P008,2026-04-28,3,0,14007,5376
O0603,C133,P010,2025-12-10,1,0.05,3042.85,862.85
O0604,C152,P013,2026-04-18,2,0.15,2067.2,617.2
O0605,C084,P050,2025-02-10,4,0.15,4494.8,1262.8
O0606,C008,P043,2026-03-04,3,0.15,6798.3,1233.3
O0607,C121,P026,2025-12-12,3,0.15,2210.85,140.85
O0608,C151,P044,2025-08-30,4,0.1,12060.0,3980.0
O0609,C155,P042,2026-03-05,1,0,3163,1347
O0610,C174,P027,2025-11-15,4,0.1,4503.6,1715.6
O0611,C103,P014,2025-10-30,2,0.1,1002.6,294.6
O0612,C198,P027,2026-05-03,1,0.15,1063.35,366.35
O0613,C173,P030,2025-07-27,1,0.15,1282.65,488.65
O0614,C137,P008,2025-06-29,4,0,18676,7168
O0615,C096,P007,2025-06-20,5,0,23965,9895
O0616,C065,P012,2025-01-21,1,0,4476,1301
O0617,C074,P034,2025-12-11,1,0.1,1354.5,514.5
O0618,C197,P007,2025-02-23,5,0.15,20370.25,6300.25
O0619,C018,P001,2025-02-07,5,0.15,18487.5,5472.5
O0620,C109,P002,2026-03-27,4,0.15,16612.4,5908.4
O0621,C016,P016,2026-02-08,4,0.15,9669.6,1357.6
O0622,C076,P014,2025-08-31,5,0.1,2506.5,736.5
O0623,C025,P049,2025-07-25,4,0.05,5643.0,1743.0
O0624,C050,P024,2025-01-03,5,0,6240,2925
O0625,C190,P047,2025-01-27,3,0.1,4352.4,1376.4
O0626,C092,P034,2025-07-04,2,0.15,2558.5,878.5
O0627,C149,P042,2026-06-04,5,0.1,14233.5,5153.5
O0628,C030,P015,2025-04-04,1,0,2187,1031
O0629,C108,P037,2025-01-20,4,0.15,4073.2,1565.2
O0630,C178,P019,2025-01-18,1,0.05,1729.0,374.0
O0631,C159,P040,2025-08-12,5,0.1,9558.0,2358.0
O0632,C185,P032,2025-03-09,1,0.15,1898.9,781.9
O0633,C195,P032,2025-09-13,2,0,4468,2234
O0634,C064,P013,2025-09-23,3,0.1,3283.2,1108.2
O0635,C052,P016,2025-03-31,5,0.1,12798.0,2408.0
O0636,C118,P040,2025-11-16,4,0,8496,2736
O0637,C004,P012,2026-01-11,4,0.15,15218.4,2518.4
O0638,C061,P039,2025-08-03,5,0.05,13984.0,5939.0
O0639,C083,P033,2025-04-06,5,0.05,17931.25,5976.25
O0640,C155,P012,2026-02-16,3,0.05,12756.6,3231.6
O0641,C033,P010,2026-03-01,5,0,16015,5115
O0642,C104,P023,2025-08-04,1,0.15,3099.1,269.1
O0643,C032,P010,2025-04-26,2,0.15,5445.1,1085.1
O0644,C158,P050,2025-01-01,4,0,5288,2056
O0645,C173,P020,2026-05-18,1,0.1,3299.4,998.4
O0646,C148,P042,2025-05-15,2,0.05,6009.7,2377.7
O0647,C187,P040,2025-11-01,4,0.05,8071.2,2311.2
O0648,C135,P035,2025-07-05,5,0,14680,6480
O0649,C107,P017,2025-02-04,1,0.15,1615.85,322.85
O0650,C190,P005,2025-12-16,5,0.15,15856.75,3381.75
O0651,C005,P035,2026-05-26,5,0.05,13946.0,5746.0
O0652,C086,P040,2025-06-11,5,0.15,9027.0,1827.0
O0653,C073,P003,2025-08-26,4,0.05,16807.4,4043.4
O0654,C050,P039,2025-03-26,1,0.05,2796.8,1187.8
O0655,C052,P011,2025-10-22,3,0,4416,1002
O0656,C065,P041,2025-11-18,1,0.15,4172.65,1275.65
O0657,C041,P036,2025-06-17,4,0.1,14220.0,1944.0
O0658,C172,P037,2025-12-07,5,0.1,5391.0,2256.0
O0659,C025,P046,2026-01-20,5,0.15,18300.5,6795.5
O0660,C011,P008,2025-08-13,1,0.1,4202.1,1325.1
O0661,C198,P025,2025-01-21,2,0.1,1918.8,696.8
O0662,C011,P019,2025-08-20,1,0.05,1729.0,374.0
O0663,C132,P050,2026-04-18,1,0,1322,514
O0664,C089,P010,2025-12-01,5,0.05,15214.25,4314.25
O0665,C163,P020,2025-04-13,5,0.15,15580.5,4075.5
O0666,C195,P020,2026-02-19,2,0.05,6965.4,2363.4
O0667,C161,P022,2025-09-02,2,0.05,7275.1,1507.1
O0668,C084,P045,2026-04-09,5,0.15,20298.0,8273.0
O0669,C080,P030,2025-01-20,5,0.05,7167.75,3197.75
O0670,C109,P028,2025-08-04,4,0.05,17461.0,6213.0
O0671,C040,P036,2025-05-16,1,0,3950,881
O0672,C095,P018,2025-12-29,5,0,18350,9090
O0673,C148,P005,2026-02-23,4,0,14924,4944
O0674,C108,P021,2025-09-10,2,0,5562,2296
O0675,C185,P014,2025-12-30,1,0.1,501.3,147.3
O0676,C175,P013,2026-06-07,1,0.15,1033.6,308.6
O0677,C121,P005,2026-05-11,2,0.15,6342.7,1352.7
O0678,C125,P022,2025-06-13,1,0,3829,945
O0679,C129,P039,2025-03-30,1,0.15,2502.4,893.4
O0680,C001,P015,2025-03-05,3,0,6561,3093
O0681,C123,P047,2026-06-04,5,0.15,6851.0,1891.0
O0682,C164,P008,2025-07-18,3,0.1,12606.3,3975.3
O0683,C182,P002,2025-06-29,4,0.05,18566.8,7862.8
O0684,C161,P008,2025-07-20,2,0.15,7937.3,2183.3
O0685,C069,P046,2025-04-24,1,0.05,4090.7,1789.7
O0686,C119,P006,2026-04-01,4,0.15,2155.6,423.6
O0687,C132,P013,2025-10-08,1,0.1,1094.4,369.4
O0688,C081,P018,2025-07-18,4,0,14680,7272
O0689,C056,P007,2026-06-23,4,0.1,17254.8,5998.8
O0690,C018,P037,2025-04-26,3,0.05,3414.3,1533.3
O0691,C038,P015,2026-03-16,5,0.05,10388.25,4608.25
O0692,C020,P048,2025-10-05,4,0.15,11730.0,3850.0
O0693,C107,P001,2025-12-13,2,0,8700,3494
O0694,C037,P007,2026-05-07,4,0.05,18213.4,6957.4
O0695,C147,P005,2026-03-16,3,0.15,9514.05,2029.05
O0696,C012,P003,2026-02-28,4,0,17692,4928
O0697,C115,P018,2026-02-08,3,0,11010,5454
O0698,C110,P028,2025-02-20,5,0,22975,8915
O0699,C013,P044,2025-10-08,1,0,3350,1330
O0700,C125,P003,2025-03-14,2,0.05,8403.7,2021.7
O0701,C021,P024,2025-09-14,5,0.15,5304.0,1989.0
O0702,C009,P024,2025-06-28,2,0,2496,1170
O0703,C121,P027,2025-04-26,5,0.05,5942.25,2457.25
O0704,C096,P002,2026-05-29,3,0,14658,6630
O0705,C081,P025,2026-03-27,5,0.1,4797.0,1742.0
O0706,C185,P039,2025-01-13,3,0.1,7948.8,3121.8
O0707,C147,P033,2026-06-06,3,0.15,9626.25,2453.25
O0708,C179,P032,2025-07-30,5,0.15,9494.5,3909.5
O0709,C129,P003,2025-09-10,4,0.15,15038.2,2274.2
O0710,C005,P045,2026-04-18,1,0.05,4537.2,2132.2
O0711,C042,P049,2025-03-31,5,0.1,6682.5,1807.5
O0712,C057,P001,2025-01-22,4,0.15,14790.0,4378.0
O0713,C059,P001,2025-09-26,4,0,17400,6988
O0714,C163,P043,2026-05-16,4,0,10664,3244
O0715,C033,P012,2025-03-06,1,0.15,3804.6,629.6
O0716,C148,P043,2026-04-25,5,0.15,11330.5,2055.5
O0717,C074,P033,2026-01-14,4,0,15100,5536
O0718,C105,P005,2025-03-29,2,0,7462,2472
O0719,C039,P005,2026-06-25,2,0.1,6715.8,1725.8
O0720,C116,P050,2026-06-15,1,0.1,1189.8,381.8
O0721,C041,P042,2025-12-31,4,0,12652,5388
O0722,C040,P031,2025-04-29,1,0.15,4080.0,289.0
O0723,C095,P023,2025-02-02,1,0,3646,816
O0724,C035,P045,2025-03-12,1,0,4776,2371
O0725,C186,P030,2026-05-22,5,0.15,6413.25,2443.25
O0726,C093,P050,2025-08-29,5,0.05,6279.5,2239.5
O0727,C057,P032,2025-01-11,2,0,4468,2234
O0728,C175,P023,2025-03-22,2,0.1,6562.8,902.8
O0729,C035,P023,2026-06-11,5,0.05,17318.5,3168.5
O0730,C100,P047,2025-02-18,2,0.15,2740.4,756.4
O0731,C087,P018,2025-03-18,5,0.05,17432.5,8172.5
O0732,C044,P046,2025-05-03,1,0,4306,2005
O0733,C082,P050,2025-12-20,5,0.05,6279.5,2239.5
O0734,C114,P036,2025-06-27,1,0.05,3752.5,683.5
O0735,C058,P039,2025-07-10,3,0.1,7948.8,3121.8
O0736,C051,P039,2026-06-20,4,0.05,11187.2,4751.2
O0737,C183,P042,2025-06-28,1,0.1,2846.7,1030.7
O0738,C087,P007,2026-04-27,1,0,4793,1979
O0739,C030,P044,2025-10-29,4,0,13400,5320
O0740,C016,P032,2025-01-02,2,0,4468,2234
O0741,C147,P011,2025-04-28,1,0,1472,334
O0742,C157,P013,2025-06-11,3,0.1,3283.2,1108.2
O0743,C054,P020,2026-02-17,2,0,7332,2730
O0744,C181,P004,2026-03-08,1,0.05,4630.3,907.3
O0745,C056,P015,2026-02-13,3,0.05,6232.95,2764.95
O0746,C111,P023,2025-08-29,5,0.1,16407.0,2257.0
O0747,C077,P049,2026-05-23,3,0.05,4232.25,1307.25
O0748,C133,P023,2026-04-25,1,0.05,3463.7,633.7
O0749,C135,P036,2026-05-04,1,0.15,3357.5,288.5
O0750,C159,P017,2025-11-18,5,0,9505,3040
O0751,C055,P018,2025-06-02,1,0.05,3486.5,1634.5
O0752,C192,P020,2025-10-18,1,0,3666,1365
O0753,C105,P009,2025-04-08,4,0.1,6166.8,2138.8
O0754,C115,P022,2025-02-28,4,0.05,14550.2,3014.2
O0755,C050,P035,2025-10-30,5,0.05,13946.0,5746.0
O0756,C172,P007,2025-07-05,3,0.15,12222.15,3780.15
O0757,C122,P011,2025-05-29,4,0.05,5593.6,1041.6
O0758,C187,P006,2026-01-22,1,0.1,570.6,137.6
O0759,C153,P010,2025-09-26,5,0,16015,5115
O0760,C140,P021,2026-06-23,1,0,2781,1148
O0761,C177,P026,2025-10-11,2,0.05,1647.3,267.3
O0762,C108,P016,2025-10-13,4,0.1,10238.4,1926.4
O0763,C081,P012,2025-03-25,1,0,4476,1301
O0764,C173,P010,2025-03-10,5,0.05,15214.25,4314.25
O0765,C159,P009,2025-08-15,3,0,5139,2118
O0766,C157,P018,2026-05-26,2,0,7340,3636
O0767,C165,P015,2025-03-14,3,0.05,6232.95,2764.95
O0768,C056,P041,2026-04-30,2,0,9818,4024
O0769,C159,P018,2026-06-11,4,0.05,13946.0,6538.0
O0770,C042,P043,2025-12-02,4,0,10664,3244
O0771,C023,P006,2025-08-28,5,0.15,2694.5,529.5
O0772,C184,P045,2026-01-01,4,0.15,16238.4,6618.4
O0773,C034,P042,2026-03-18,2,0,6326,2694
O0774,C012,P029,2025-12-30,2,0.15,953.7,165.7
O0775,C001,P020,2025-06-23,2,0.1,6598.8,1996.8
O0776,C087,P003,2026-06-21,3,0.1,11942.1,2369.1
O0777,C149,P034,2026-06-07,1,0.05,1429.75,589.75
O0778,C014,P035,2025-02-20,2,0.15,4991.2,1711.2
O0779,C041,P045,2026-04-03,1,0.15,4059.6,1654.6
O0780,C086,P048,2025-04-24,3,0,10350,4440
O0781,C113,P013,2025-02-05,1,0,1216,491
O0782,C083,P044,2025-05-03,1,0,3350,1330
O0783,C046,P022,2026-03-20,2,0.15,6509.3,741.3
O0784,C163,P046,2025-10-22,3,0,12918,6015
O0785,C155,P047,2025-03-02,3,0.1,4352.4,1376.4
O0786,C010,P022,2025-09-03,4,0.05,14550.2,3014.2
O0787,C170,P050,2025-11-28,4,0.05,5023.6,1791.6
O0788,C060,P038,2025-03-27,4,0.15,10149.0,2393.0
O0789,C123,P045,2026-01-08,4,0,19104,9484
O0790,C132,P047,2025-10-20,2,0.15,2740.4,756.4
O0791,C109,P011,2025-02-12,3,0,4416,1002
O0792,C199,P025,2026-06-11,4,0.1,3837.6,1393.6
O0793,C140,P018,2025-11-01,2,0.15,6239.0,2535.0
O0794,C064,P025,2025-10-08,3,0.05,3038.1,1205.1
O0795,C079,P037,2026-03-25,5,0,5990,2855
O0796,C195,P044,2025-03-03,4,0.05,12730.0,4650.0
O0797,C075,P041,2026-06-13,5,0.05,23317.75,8832.75
O0798,C027,P035,2026-05-01,1,0.15,2495.6,855.6
O0799,C098,P027,2025-08-13,2,0.1,2251.8,857.8
O0800,C129,P009,2025-09-19,5,0.1,7708.5,2673.5
O0801,C084,P014,2026-01-11,5,0,2785,1015
O0802,C038,P042,2025-05-05,3,0.15,8065.65,2617.65
O0803,C190,P006,2026-06-20,3,0,1902,603
O0804,C087,P016,2025-01-28,1,0,2844,766
O0805,C072,P029,2025-10-01,3,0.1,1514.7,332.7
O0806,C123,P031,2026-04-20,1,0,4800,1009
O0807,C054,P043,2025-12-22,4,0.1,9597.6,2177.6
O0808,C097,P016,2025-12-06,5,0.1,12798.0,2408.0
O0809,C156,P050,2026-05-24,2,0,2644,1028
O0810,C146,P011,2025-06-11,1,0.1,1324.8,186.8
O0811,C172,P022,2025-06-25,4,0.05,14550.2,3014.2
O0812,C084,P004,2026-01-16,3,0.1,13159.8,1990.8
O0813,C048,P001,2025-06-08,2,0.1,7830.0,2624.0
O0814,C189,P047,2025-11-24,1,0.15,1370.2,378.2
O0815,C136,P048,2026-01-31,1,0.15,2932.5,962.5
O0816,C133,P040,2025-10-26,1,0,2124,684
O0817,C112,P027,2025-09-07,4,0.1,4503.6,1715.6
O0818,C131,P028,2025-08-04,2,0.1,8271.0,2647.0
O0819,C031,P007,2025-11-24,3,0,14379,5937
O0820,C190,P004,2025-01-21,1,0.1,4386.6,663.6
O0821,C160,P036,2026-03-28,2,0.05,7505.0,1367.0
O0822,C036,P050,2025-06-19,2,0.1,2379.6,763.6
O0823,C054,P001,2025-02-23,3,0,13050,5241
O0824,C067,P005,2026-03-13,2,0.1,6715.8,1725.8
O0825,C141,P010,2026-01-13,2,0.15,5445.1,1085.1
O0826,C155,P030,2025-03-31,1,0.05,1433.55,639.55
O0827,C059,P048,2026-01-19,3,0.05,9832.5,3922.5
O0828,C060,P047,2025-05-28,4,0.15,5480.8,1512.8
O0829,C121,P010,2025-06-27,4,0.15,10890.2,2170.2
O0830,C090,P050,2025-08-25,3,0,3966,1542
O0831,C089,P016,2025-06-18,5,0,14220,3830
O0832,C125,P047,2025-03-24,4,0,6448,2480
O0833,C059,P046,2025-03-01,4,0.1,15501.6,6297.6
O0834,C064,P046,2025-03-02,4,0.05,16362.8,7158.8
O0835,C142,P048,2026-05-11,2,0.05,6555.0,2615.0
O0836,C014,P009,2025-08-09,3,0.1,4625.1,1604.1
O0837,C094,P020,2025-08-25,3,0,10998,4095
O0838,C076,P040,2025-02-20,4,0,8496,2736
O0839,C167,P046,2025-12-14,5,0.05,20453.5,8948.5
O0840,C030,P009,2025-03-31,1,0.15,1456.05,449.05
O0841,C016,P021,2026-06-18,2,0.05,5283.9,2017.9
O0842,C181,P034,2025-12-22,2,0.1,2709.0,1029.0
O0843,C116,P007,2025-07-03,1,0,4793,1979
O0844,C015,P044,2025-02-03,4,0.1,12060.0,3980.0
O0845,C083,P012,2026-06-12,5,0,22380,6505
O0846,C145,P046,2025-08-07,2,0,8612,4010
O0847,C091,P007,2025-02-12,1,0.15,4074.05,1260.05
O0848,C061,P050,2026-06-21,4,0.15,4494.8,1262.8
O0849,C078,P009,2026-06-25,2,0.15,2912.1,898.1
O0850,C133,P035,2025-07-11,1,0.15,2495.6,855.6
O0851,C103,P013,2025-06-02,3,0.05,3465.6,1290.6
O0852,C024,P024,2025-02-10,4,0.15,4243.2,1591.2
O0853,C006,P024,2025-01-14,3,0,3744,1755
O0854,C059,P015,2026-02-24,3,0.05,6232.95,2764.95
O0855,C144,P011,2025-06-07,2,0,2944,668
O0856,C179,P015,2026-04-24,5,0.15,9294.75,3514.75
O0857,C029,P043,2026-06-18,4,0,10664,3244
O0858,C143,P050,2026-03-09,1,0.15,1123.7,315.7
O0859,C022,P011,2025-03-30,2,0.05,2796.8,520.8
O0860,C173,P022,2025-07-22,2,0.15,6509.3,741.3
O0861,C126,P014,2025-03-21,4,0.15,1893.8,477.8
O0862,C112,P013,2026-06-25,5,0.15,5168.0,1543.0
O0863,C069,P039,2025-11-09,1,0.15,2502.4,893.4
O0864,C003,P048,2025-02-12,1,0.1,3105.0,1135.0
O0865,C098,P034,2026-06-07,3,0.15,3837.75,1317.75
O0866,C006,P020,2026-02-25,2,0.1,6598.8,1996.8
O0867,C199,P046,2025-07-01,3,0.1,11626.2,4723.2
O0868,C118,P030,2025-10-05,2,0.1,2716.2,1128.2
O0869,C073,P019,2026-01-04,1,0.05,1729.0,374.0
O0870,C019,P032,2025-06-14,2,0.05,4244.6,2010.6
O0871,C128,P012,2025-04-17,4,0,17904,5204
O0872,C135,P030,2025-05-15,5,0.15,6413.25,2443.25
O0873,C117,P024,2025-10-17,2,0.15,2121.6,795.6
O0874,C180,P045,2025-01-13,3,0,14328,7113
O0875,C145,P034,2026-06-23,1,0.1,1354.5,514.5
O0876,C043,P029,2025-01-26,3,0.1,1514.7,332.7
O0877,C104,P046,2025-12-08,4,0.05,16362.8,7158.8
O0878,C173,P017,2026-06-07,1,0.1,1710.9,417.9
O0879,C112,P040,2026-02-10,3,0.15,5416.2,1096.2
O0880,C079,P008,2025-06-07,3,0.15,11905.95,3274.95
O0881,C149,P008,2025-08-06,4,0.1,16808.4,5300.4
O0882,C185,P003,2025-06-13,4,0.15,15038.2,2274.2
O0883,C156,P044,2025-01-22,2,0.1,6030.0,1990.0
O0884,C157,P035,2025-03-04,1,0.05,2789.2,1149.2
O0885,C170,P001,2025-10-14,3,0,13050,5241
O0886,C106,P001,2025-09-22,4,0.1,15660.0,5248.0
O0887,C016,P015,2026-06-25,5,0.1,9841.5,4061.5
O0888,C049,P003,2025-12-19,4,0,17692,4928
O0889,C117,P046,2026-05-24,3,0,12918,6015
O0890,C027,P044,2025-01-28,4,0,13400,5320
O0891,C183,P037,2026-03-13,3,0,3594,1713
O0892,C041,P008,2025-11-27,2,0,9338,3584
O0893,C057,P036,2026-06-23,2,0.1,7110.0,972.0
O0894,C080,P042,2025-06-08,3,0.05,9014.55,3566.55
O0895,C149,P044,2026-06-07,1,0.1,3015.0,995.0
O0896,C125,P031,2025-02-28,5,0.05,22800.0,3845.0
O0897,C182,P028,2026-03-11,5,0.15,19528.75,5468.75
O0898,C087,P025,2025-10-10,3,0.15,2718.3,885.3
O0899,C157,P017,2026-05-22,2,0.15,3231.7,645.7
O0900,C199,P013,2026-03-13,3,0.15,3100.8,925.8
O0901,C141,P020,2025-12-06,4,0.15,12464.4,3260.4
O0902,C157,P050,2025-01-14,5,0.05,6279.5,2239.5
O0903,C116,P044,2025-10-07,1,0.1,3015.0,995.0
O0904,C051,P030,2025-10-31,2,0.05,2867.1,1279.1
O0905,C155,P023,2026-01-13,1,0.15,3099.1,269.1
O0906,C121,P027,2025-07-05,4,0.05,4753.8,1965.8
O0907,C119,P012,2025-12-15,3,0.05,12756.6,3231.6
O0908,C028,P023,2025-06-05,5,0.05,17318.5,3168.5
O0909,C040,P007,2026-01-18,3,0.05,13660.05,5218.05
O0910,C198,P017,2026-06-19,5,0.15,8079.25,1614.25
O0911,C095,P014,2025-05-20,1,0.05,529.15,175.15
O0912,C024,P009,2026-04-05,4,0.15,5824.2,1796.2
O0913,C009,P008,2025-12-30,2,0.15,7937.3,2183.3
O0914,C061,P002,2025-07-08,2,0,9772,4420
O0915,C146,P048,2025-09-24,2,0.05,6555.0,2615.0
O0916,C053,P002,2025-06-14,3,0.1,13192.2,5164.2
O0917,C101,P019,2025-07-28,1,0,1820,465
O0918,C037,P030,2025-01-29,1,0.15,1282.65,488.65
O0919,C050,P003,2025-07-17,3,0.15,11278.65,1705.65
O0920,C087,P042,2025-03-01,4,0,12652,5388
O0921,C131,P024,2025-02-06,5,0.1,5616.0,2301.0
O0922,C057,P006,2025-03-30,2,0.15,1077.8,211.8
O0923,C099,P012,2025-09-02,3,0,13428,3903
O0924,C015,P025,2025-01-26,3,0.1,2878.2,1045.2
O0925,C012,P034,2025-09-11,5,0.15,6396.25,2196.25
O0926,C183,P036,2025-10-30,3,0.15,10072.5,865.5
O0927,C094,P005,2026-03-23,4,0.05,14177.8,4197.8
O0928,C035,P005,2025-07-06,3,0.05,10633.35,3148.35
O0929,C131,P025,2025-07-17,2,0.1,1918.8,696.8
O0930,C001,P023,2025-04-15,2,0.1,6562.8,902.8
O0931,C199,P049,2026-06-07,3,0.05,4232.25,1307.25
O0932,C088,P030,2025-12-21,5,0,7545,3575
O0933,C027,P010,2025-11-22,1,0.1,2882.7,702.7
O0934,C095,P002,2025-07-29,3,0.1,13192.2,5164.2
O0935,C124,P045,2025-04-12,4,0.1,17193.6,7573.6
O0936,C080,P029,2025-04-24,3,0.15,1430.55,248.55
O0937,C020,P016,2026-06-05,5,0.05,13509.0,3119.0
O0938,C071,P033,2025-10-28,2,0,7550,2768
O0939,C021,P008,2025-06-11,4,0.15,15874.6,4366.6
O0940,C163,P003,2026-03-05,2,0.15,7519.1,1137.1
O0941,C072,P001,2025-02-02,3,0.15,11092.5,3283.5
O0942,C028,P031,2025-12-25,5,0.05,22800.0,3845.0
O0943,C162,P029,2025-07-20,4,0,2244,668
O0944,C105,P023,2025-06-04,1,0.1,3281.4,451.4
O0945,C149,P030,2025-12-23,4,0.15,5130.6,1954.6
O0946,C178,P045,2025-01-29,2,0,9552,4742
O0947,C189,P042,2026-03-28,5,0.1,14233.5,5153.5
O0948,C088,P039,2025-03-30,2,0.05,5593.6,2375.6
O0949,C054,P038,2026-04-17,4,0.05,11343.0,3587.0
O0950,C188,P048,2025-03-13,4,0,13800,5920
O0951,C152,P030,2025-06-21,2,0.15,2565.3,977.3
O0952,C179,P030,2025-07-24,3,0.15,3847.95,1465.95
O0953,C045,P022,2026-01-21,5,0,19145,4725
O0954,C044,P030,2025-10-04,3,0.05,4300.65,1918.65
O0955,C176,P031,2025-09-30,1,0,4800,1009
O0956,C190,P031,2026-04-09,4,0.15,16320.0,1156.0
O0957,C187,P020,2025-01-31,1,0.05,3482.7,1181.7
O0958,C155,P002,2025-03-18,1,0.05,4641.7,1965.7
O0959,C155,P001,2026-05-13,5,0.1,19575.0,6560.0
O0960,C097,P029,2025-08-09,4,0.15,1907.4,331.4
O0961,C036,P042,2026-01-13,2,0.1,5693.4,2061.4
O0962,C041,P027,2026-03-19,2,0.05,2376.9,982.9
O0963,C187,P029,2026-04-24,2,0.1,1009.8,221.8
O0964,C164,P025,2026-05-04,5,0.1,4797.0,1742.0
O0965,C077,P035,2025-06-27,1,0.1,2642.4,1002.4
O0966,C197,P042,2025-10-10,2,0.15,5377.1,1745.1
O0967,C134,P027,2025-05-16,2,0.05,2376.9,982.9
O0968,C118,P028,2025-12-22,3,0.1,12406.5,3970.5
O0969,C172,P041,2026-03-15,2,0.1,8836.2,3042.2
O0970,C167,P048,2026-04-07,2,0.1,6210.0,2270.0
O0971,C122,P028,2025-11-12,4,0.1,16542.0,5294.0
O0972,C162,P017,2026-05-30,5,0.15,8079.25,1614.25
O0973,C153,P041,2026-06-18,5,0.1,22090.5,7605.5
O0974,C067,P042,2026-02-19,5,0,15815,6735
O0975,C063,P015,2025-08-16,4,0,8748,4124
O0976,C077,P034,2026-05-08,3,0.05,4289.25,1769.25
O0977,C171,P046,2026-05-29,2,0.05,8181.4,3579.4
O0978,C115,P009,2025-08-31,1,0.15,1456.05,449.05
O0979,C167,P044,2025-04-12,4,0.05,12730.0,4650.0
O0980,C180,P022,2026-01-11,3,0.15,9763.95,1111.95
O0981,C187,P010,2025-11-07,5,0.15,13612.75,2712.75
O0982,C015,P048,2025-02-26,4,0.05,13110.0,5230.0
O0983,C136,P026,2026-01-17,3,0.15,2210.85,140.85
O0984,C175,P009,2025-08-13,4,0.05,6509.4,2481.4
O0985,C078,P040,2025-05-06,1,0.1,1911.6,471.6
O0986,C137,P014,2025-02-03,4,0.1,2005.2,589.2
O0987,C029,P033,2026-06-17,3,0.05,10758.75,3585.75
O0988,C158,P039,2025-03-19,5,0.1,13248.0,5203.0
O0989,C104,P016,2025-11-02,3,0.05,8105.4,1871.4
O0990,C050,P049,2026-01-29,4,0.15,5049.0,1149.0
O0991,C036,P027,2025-09-26,5,0.15,5316.75,1831.75
O0992,C156,P023,2025-06-13,1,0,3646,816
O0993,C103,P002,2025-11-10,4,0.15,16612.4,5908.4
O0994,C090,P032,2025-04-26,1,0.15,1898.9,781.9
O0995,C112,P017,2025-07-11,4,0.05,7223.8,2051.8
O0996,C128,P011,2026-03-26,5,0.1,6624.0,934.0
O0997,C099,P002,2026-05-27,1,0.05,4641.7,1965.7
O0998,C153,P028,2026-06-20,3,0,13785,5349
O0999,C015,P050,2025-06-17,2,0,2644,1028
O1000,C001,P027,2025-07-03,3,0.15,3190.05,1099.05
