Payment_ID,Order_ID,Payment_Mode,Payment_Status,Amount
PAY0001,O0001,Card,Pending,5377.1
PAY0002,O0002,UPI,Paid,10072.5
PAY0003,O0003,Card,Paid,532.95
PAY0004,O0004,Card,Pending,13254.3
PAY0005,O0005,Card,Pending,3277.5
PAY0006,O0006,Card,Pending,4492.8
PAY0007,O0007,UPI,Pending,10149.0
PAY0008,O0008,Net Banking,Paid,3083.4
PAY0009,O0009,Cash,Paid,4455
PAY0010,O0010,Card,Pending,13680.0
PAY0011,O0011,UPI,Paid,11487
PAY0012,O0012,UPI,Pending,5578.4
PAY0013,O0013,Cash,Pending,17400
PAY0014,O0014,Cash,Pending,12019.4
PAY0015,O0015,Card,Pending,10053.0
PAY0016,O0016,UPI,Paid,5904.9
PAY0017,O0017,UPI,Pending,6366.9
PAY0018,O0018,Cash,Paid,13611.6
PAY0019,O0019,UPI,Paid,12428.7
PAY0020,O0020,Cash,Paid,14550.2
PAY0021,O0021,Cash,Pending,9772
PAY0022,O0022,Net Banking,Pending,10192.5
PAY0023,O0023,Card,Paid,9489
PAY0024,O0024,Cash,Paid,5928.0
PAY0025,O0025,Cash,Pending,8627.4
PAY0026,O0026,Cash,Pending,2649.6
PAY0027,O0027,Cash,Paid,2067.2
PAY0028,O0028,Net Banking,Paid,1472
PAY0029,O0029,Net Banking,Paid,2664.75
PAY0030,O0030,UPI,Pending,1018.3
PAY0031,O0031,UPI,Pending,9106.7
PAY0032,O0032,Net Banking,Paid,7925.85
PAY0033,O0033,Card,Pending,12895.2
PAY0034,O0034,UPI,Pending,12178.8
PAY0035,O0035,Card,Pending,1018.3
PAY0036,O0036,Cash,Paid,4792
PAY0037,O0037,Net Banking,Pending,1282.65
PAY0038,O0038,Cash,Paid,2716.2
PAY0039,O0039,UPI,Paid,9552
PAY0040,O0040,Cash,Pending,9120.0
PAY0041,O0041,UPI,Pending,1805.95
PAY0042,O0042,Net Banking,Paid,13680.0
PAY0043,O0043,Cash,Paid,4847.55
PAY0044,O0044,Net Banking,Paid,16612.4
PAY0045,O0045,Cash,Paid,7340
PAY0046,O0046,Cash,Paid,11278.65
PAY0047,O0047,Cash,Pending,7332
PAY0048,O0048,UPI,Paid,7658
PAY0049,O0049,UPI,Paid,4560.0
PAY0050,O0050,Net Banking,Paid,7900
PAY0051,O0051,Net Banking,Pending,2017.8
PAY0052,O0052,Card,Pending,1198
PAY0053,O0053,Net Banking,Paid,17461.0
PAY0054,O0054,Cash,Pending,17589.6
PAY0055,O0055,Cash,Paid,2878.2
PAY0056,O0056,Net Banking,Pending,4313.7
PAY0057,O0057,Card,Paid,12171.4
PAY0058,O0058,Net Banking,Pending,4515
PAY0059,O0059,UPI,Pending,20765.5
PAY0060,O0060,UPI,Paid,2789.2
PAY0061,O0061,UPI,Pending,17250
PAY0062,O0062,Card,Pending,4289.25
PAY0063,O0063,Cash,Paid,9609
PAY0064,O0064,Card,Pending,2155.6
PAY0065,O0065,Card,Paid,5168.0
PAY0066,O0066,Cash,Pending,1204.6
PAY0067,O0067,UPI,Paid,5132.7
PAY0068,O0068,Card,Paid,4515
PAY0069,O0069,Card,Pending,17904
PAY0070,O0070,Card,Paid,7598.1
PAY0071,O0071,Card,Paid,4386.6
PAY0072,O0072,Net Banking,Pending,13612.75
PAY0073,O0073,UPI,Paid,17461.0
PAY0074,O0074,Card,Pending,16750
PAY0075,O0075,UPI,Pending,3731
PAY0076,O0076,Cash,Pending,6413.25
PAY0077,O0077,UPI,Paid,10938
PAY0078,O0078,UPI,Pending,7550
PAY0079,O0079,Net Banking,Paid,17193.6
PAY0080,O0080,Card,Pending,12686.25
PAY0081,O0081,Cash,Pending,11376
PAY0082,O0082,Net Banking,Pending,4620.8
PAY0083,O0083,UPI,Pending,2409.2
PAY0084,O0084,Cash,Paid,4793
PAY0085,O0085,Net Banking,Pending,4798.8
PAY0086,O0086,Net Banking,Paid,7172.5
PAY0087,O0087,Card,Pending,5330
PAY0088,O0088,UPI,Paid,5187.0
PAY0089,O0089,Net Banking,Pending,13110.0
PAY0090,O0090,Cash,Pending,9609
PAY0091,O0091,Card,Paid,2722.55
PAY0092,O0092,Cash,Pending,19636
PAY0093,O0093,UPI,Paid,5373.0
PAY0094,O0094,Net Banking,Paid,6892.2
PAY0095,O0095,Net Banking,Paid,4350
PAY0096,O0096,UPI,Paid,2244
PAY0097,O0097,Cash,Paid,16497.0
PAY0098,O0098,UPI,Pending,18148.8
PAY0099,O0099,Cash,Pending,10011.6
PAY0100,O0100,UPI,Paid,1858.95
PAY0101,O0101,Net Banking,Pending,21750
PAY0102,O0102,UPI,Pending,4914.0
PAY0103,O0103,Net Banking,Pending,13306.65
PAY0104,O0104,Cash,Paid,10338.3
PAY0105,O0105,UPI,Paid,11124
PAY0106,O0106,Net Banking,Pending,4248
PAY0107,O0107,UPI,Pending,736.95
PAY0108,O0108,UPI,Pending,8700
PAY0109,O0109,Card,Pending,16789.5
PAY0110,O0110,UPI,Paid,8367.6
PAY0111,O0111,Card,Pending,2722.55
PAY0112,O0112,UPI,Pending,12512.0
PAY0113,O0113,Card,Paid,14345.0
PAY0114,O0114,UPI,Paid,1907.4
PAY0115,O0115,Cash,Paid,501.3
PAY0116,O0116,Card,Pending,14622
PAY0117,O0117,UPI,Paid,14727
PAY0118,O0118,Net Banking,Paid,5091.5
PAY0119,O0119,Card,Pending,15912.5
PAY0120,O0120,Cash,Paid,4080.0
PAY0121,O0121,UPI,Paid,8645.0
PAY0122,O0122,Cash,Paid,7545
PAY0123,O0123,Net Banking,Paid,1598.85
PAY0124,O0124,Cash,Paid,11257.5
PAY0125,O0125,Cash,Paid,8042.4
PAY0126,O0126,UPI,Paid,2396
PAY0127,O0127,Card,Paid,3369.6
PAY0128,O0128,UPI,Paid,13785
PAY0129,O0129,Card,Pending,4914.0
PAY0130,O0130,UPI,Pending,7998
PAY0131,O0131,UPI,Paid,9455.4
PAY0132,O0132,Cash,Pending,16787.5
PAY0133,O0133,Card,Pending,21261.0
PAY0134,O0134,Net Banking,Paid,9327.1
PAY0135,O0135,Card,Paid,17589.6
PAY0136,O0136,Cash,Pending,2511.8
PAY0137,O0137,Card,Paid,1185.6
PAY0138,O0138,Net Banking,Pending,4059.6
PAY0139,O0139,Cash,Pending,6239.0
PAY0140,O0140,Cash,Pending,7658
PAY0141,O0141,Cash,Pending,2187
PAY0142,O0142,UPI,Paid,8181.4
PAY0143,O0143,UPI,Pending,9600
PAY0144,O0144,Card,Pending,1094.4
PAY0145,O0145,Card,Paid,1858.95
PAY0146,O0146,Card,Paid,8489.2
PAY0147,O0147,Card,Paid,4050.8
PAY0148,O0148,Net Banking,Pending,3198
PAY0149,O0149,UPI,Paid,3421.8
PAY0150,O0150,Card,Pending,18300.5
PAY0151,O0151,Card,Paid,15856.75
PAY0152,O0152,Net Banking,Paid,4135.5
PAY0153,O0153,Card,Pending,2409.2
PAY0154,O0154,Cash,Paid,532.95
PAY0155,O0155,Net Banking,Paid,8119.2
PAY0156,O0156,Card,Pending,5472.0
PAY0157,O0157,UPI,Pending,906.1
PAY0158,O0158,UPI,Paid,8794.8
PAY0159,O0159,UPI,Pending,11940
PAY0160,O0160,Net Banking,Pending,3421.8
PAY0161,O0161,Cash,Paid,2121.6
PAY0162,O0162,Net Banking,Paid,4320.0
PAY0163,O0163,Cash,Paid,5168.0
PAY0164,O0164,Net Banking,Paid,14233.5
PAY0165,O0165,UPI,Paid,4669
PAY0166,O0166,Card,Paid,4882.05
PAY0167,O0167,Card,Pending,17931.25
PAY0168,O0168,Cash,Pending,2126.7
PAY0169,O0169,Cash,Paid,1336.5
PAY0170,O0170,Net Banking,Paid,9586
PAY0171,O0171,Cash,Paid,11940
PAY0172,O0172,UPI,Paid,16273.25
PAY0173,O0173,Card,Pending,3637.55
PAY0174,O0174,Card,Paid,23208.5
PAY0175,O0175,UPI,Pending,16407.0
PAY0176,O0176,Cash,Pending,2495.6
PAY0177,O0177,UPI,Paid,3640
PAY0178,O0178,Cash,Pending,15501.6
PAY0179,O0179,Net Banking,Paid,4365.25
PAY0180,O0180,Net Banking,Pending,5690.5
PAY0181,O0181,Net Banking,Pending,3054.9
PAY0182,O0182,UPI,Pending,3163
PAY0183,O0183,Card,Pending,4153.1
PAY0184,O0184,Cash,Pending,3203
PAY0185,O0185,UPI,Paid,9294.75
PAY0186,O0186,Cash,Paid,2432
PAY0187,O0187,Card,Pending,2642.4
PAY0188,O0188,Net Banking,Pending,5130.6
PAY0189,O0189,Card,Paid,4991.2
PAY0190,O0190,Card,Paid,3901.5
PAY0191,O0191,UPI,Paid,6610
PAY0192,O0192,UPI,Pending,14924
PAY0193,O0193,Card,Paid,3182.4
PAY0194,O0194,Cash,Paid,9609
PAY0195,O0195,Net Banking,Pending,4553.35
PAY0196,O0196,Card,Paid,5734.2
PAY0197,O0197,UPI,Paid,7275.1
PAY0198,O0198,Cash,Paid,1671
PAY0199,O0199,Cash,Paid,2701.8
PAY0200,O0200,Net Banking,Paid,24430
PAY0201,O0201,Net Banking,Pending,2210.85
PAY0202,O0202,UPI,Pending,24545
PAY0203,O0203,Card,Paid,11343.0
PAY0204,O0204,Cash,Paid,7595.6
PAY0205,O0205,Card,Paid,2565.3
PAY0206,O0206,Card,Paid,4909
PAY0207,O0207,Net Banking,Pending,6210.0
PAY0208,O0208,Net Banking,Paid,17742.2
PAY0209,O0209,Net Banking,Pending,10388.25
PAY0210,O0210,Cash,Pending,9348.3
PAY0211,O0211,Net Banking,Pending,2432
PAY0212,O0212,UPI,Pending,10890.2
PAY0213,O0213,Net Banking,Paid,6030.0
PAY0214,O0214,Cash,Pending,5132.7
PAY0215,O0215,Cash,Paid,10598.4
PAY0216,O0216,Card,Pending,1503.9
PAY0217,O0217,Cash,Paid,7223.8
PAY0218,O0218,Card,Paid,1710.9
PAY0219,O0219,Card,Pending,7110.0
PAY0220,O0220,UPI,Paid,3966
PAY0221,O0221,Net Banking,Paid,2244
PAY0222,O0222,Card,Paid,6406
PAY0223,O0223,Cash,Paid,6256.0
PAY0224,O0224,Card,Paid,2502.4
PAY0225,O0225,Card,Paid,2155.6
PAY0226,O0226,Cash,Paid,4991.2
PAY0227,O0227,Net Banking,Pending,7395.0
PAY0228,O0228,Cash,Paid,4527
PAY0229,O0229,UPI,Paid,18762.5
PAY0230,O0230,Net Banking,Paid,8730.5
PAY0231,O0231,Net Banking,Pending,17589.6
PAY0232,O0232,Card,Paid,12918
PAY0233,O0233,Cash,Paid,1420.35
PAY0234,O0234,Net Banking,Pending,3797.8
PAY0235,O0235,Card,Paid,12941.1
PAY0236,O0236,Net Banking,Pending,1683
PAY0237,O0237,UPI,Paid,5130.6
PAY0238,O0238,Card,Paid,1547.0
PAY0239,O0239,UPI,Paid,5377.1
PAY0240,O0240,UPI,Paid,12478.0
PAY0241,O0241,Cash,Pending,4312.8
PAY0242,O0242,UPI,Paid,7425
PAY0243,O0243,Cash,Pending,7646.4
PAY0244,O0244,Net Banking,Pending,4527
PAY0245,O0245,Net Banking,Paid,2511.8
PAY0246,O0246,Card,Pending,17250
PAY0247,O0247,Cash,Paid,3171.35
PAY0248,O0248,Cash,Pending,6417.5
PAY0249,O0249,Net Banking,Paid,15922.8
PAY0250,O0250,Cash,Pending,21568.5
PAY0251,O0251,UPI,Pending,15024.25
PAY0252,O0252,Card,Pending,9348.3
PAY0253,O0253,Card,Pending,3121.2
PAY0254,O0254,Cash,Pending,11905.95
PAY0255,O0255,Card,Paid,20765.5
PAY0256,O0256,Net Banking,Paid,10149.0
PAY0257,O0257,Card,Pending,1812.2
PAY0258,O0258,Card,Pending,2649.6
PAY0259,O0259,Net Banking,Pending,4630.3
PAY0260,O0260,Cash,Paid,1858.95
PAY0261,O0261,Net Banking,Pending,11156.8
PAY0262,O0262,Cash,Paid,11717.25
PAY0263,O0263,Cash,Pending,7221.6
PAY0264,O0264,Net Banking,Pending,2805
PAY0265,O0265,Cash,Pending,3875.4
PAY0266,O0266,Cash,Pending,12464.4
PAY0267,O0267,UPI,Pending,2701.8
PAY0268,O0268,Card,Pending,14328
PAY0269,O0269,Net Banking,Pending,3594
PAY0270,O0270,Cash,Paid,1398.4
PAY0271,O0271,Card,Pending,2067.2
PAY0272,O0272,UPI,Paid,14727
PAY0273,O0273,UPI,Pending,7948.8
PAY0274,O0274,Card,Pending,2537.25
PAY0275,O0275,Cash,Pending,11193
PAY0276,O0276,Cash,Paid,19903.5
PAY0277,O0277,Cash,Pending,5688
PAY0278,O0278,Card,Pending,5065.4
PAY0279,O0279,Cash,Pending,8565
PAY0280,O0280,Cash,Pending,1560.6
PAY0281,O0281,Cash,Paid,4793
PAY0282,O0282,UPI,Pending,10350
PAY0283,O0283,Card,Pending,22800.0
PAY0284,O0284,UPI,Paid,5940
PAY0285,O0285,UPI,Pending,10053.0
PAY0286,O0286,Cash,Pending,7280.25
PAY0287,O0287,UPI,Pending,2188.8
PAY0288,O0288,Net Banking,Pending,12941.1
PAY0289,O0289,Card,Paid,2644
PAY0290,O0290,Net Banking,Pending,4620.8
PAY0291,O0291,Cash,Paid,15525.0
PAY0292,O0292,Card,Paid,557
PAY0293,O0293,Cash,Pending,2641.95
PAY0294,O0294,UPI,Pending,6311.25
PAY0295,O0295,Card,Paid,20714.5
PAY0296,O0296,Card,Paid,16515.0
PAY0297,O0297,Net Banking,Paid,2666
PAY0298,O0298,Card,Pending,1077.8
PAY0299,O0299,Cash,Paid,17254.8
PAY0300,O0300,Cash,Paid,20662.5
PAY0301,O0301,Cash,Paid,14220
PAY0302,O0302,Cash,Paid,7340
PAY0303,O0303,Cash,Paid,4021.2
PAY0304,O0304,Card,Paid,11744
PAY0305,O0305,Card,Pending,867
PAY0306,O0306,Card,Pending,1155.2
PAY0307,O0307,Card,Paid,3350
PAY0308,O0308,Card,Paid,5004.8
PAY0309,O0309,Card,Paid,4836
PAY0310,O0310,UPI,Pending,11776
PAY0311,O0311,Net Banking,Paid,2666
PAY0312,O0312,Net Banking,Paid,17904
PAY0313,O0313,Cash,Pending,6365.0
PAY0314,O0314,Net Banking,Pending,3203
PAY0315,O0315,Card,Paid,1711.8
PAY0316,O0316,Net Banking,Pending,14584
PAY0317,O0317,UPI,Pending,9045.0
PAY0318,O0318,UPI,Pending,3182.4
PAY0319,O0319,UPI,Pending,9106.7
PAY0320,O0320,Card,Paid,532.95
PAY0321,O0321,Cash,Paid,24000
PAY0322,O0322,Net Banking,Paid,7925.85
PAY0323,O0323,Cash,Paid,18655
PAY0324,O0324,UPI,Paid,1398.4
PAY0325,O0325,Net Banking,Paid,11940
PAY0326,O0326,Cash,Pending,5719.0
PAY0327,O0327,Net Banking,Paid,2688.55
PAY0328,O0328,UPI,Paid,4886
PAY0329,O0329,UPI,Pending,13269
PAY0330,O0330,Cash,Paid,12222.15
PAY0331,O0331,UPI,Pending,8836.2
PAY0332,O0332,Net Banking,Pending,5004
PAY0333,O0333,Card,Pending,14680
PAY0334,O0334,Card,Pending,20863.25
PAY0335,O0335,Cash,Paid,1138.1
PAY0336,O0336,Net Banking,Pending,867
PAY0337,O0337,UPI,Paid,10073.7
PAY0338,O0338,Net Banking,Pending,16407.0
PAY0339,O0339,Net Banking,Paid,12087.0
PAY0340,O0340,Cash,Pending,2363.85
PAY0341,O0341,Card,Pending,3083.4
PAY0342,O0342,Net Banking,Paid,4552.4
PAY0343,O0343,Card,Paid,14400
PAY0344,O0344,UPI,Paid,3099.1
PAY0345,O0345,Cash,Pending,4793
PAY0346,O0346,Net Banking,Paid,2947.8
PAY0347,O0347,UPI,Pending,7148.75
PAY0348,O0348,UPI,Pending,10938
PAY0349,O0349,Card,Paid,3276.0
PAY0350,O0350,Card,Paid,9552
PAY0351,O0351,UPI,Paid,22115
PAY0352,O0352,Card,Pending,3646
PAY0353,O0353,Cash,Paid,19636
PAY0354,O0354,Net Banking,Paid,9128.55
PAY0355,O0355,Cash,Paid,11717.25
PAY0356,O0356,Cash,Paid,2673.0
PAY0357,O0357,Cash,Pending,3544.45
PAY0358,O0358,Card,Pending,8504.4
PAY0359,O0359,Card,Pending,1911.6
PAY0360,O0360,Net Banking,Pending,12756.6
PAY0361,O0361,Card,Pending,1268
PAY0362,O0362,Card,Pending,15010.0
PAY0363,O0363,Card,Paid,4298.4
PAY0364,O0364,UPI,Pending,13946.0
PAY0365,O0365,UPI,Paid,10569.6
PAY0366,O0366,Net Banking,Pending,7148.75
PAY0367,O0367,Card,Pending,5187.0
PAY0368,O0368,UPI,Pending,2244
PAY0369,O0369,Card,Pending,1710.9
PAY0370,O0370,Cash,Paid,22975
PAY0371,O0371,Net Banking,Paid,13254.3
PAY0372,O0372,Card,Paid,9283.4
PAY0373,O0373,Card,Paid,2025.4
PAY0374,O0374,Cash,Pending,14622
PAY0375,O0375,UPI,Paid,3254.65
PAY0376,O0376,Net Banking,Paid,7604
PAY0377,O0377,Cash,Paid,4797.0
PAY0378,O0378,Net Banking,Paid,5970
PAY0379,O0379,UPI,Paid,2276.2
PAY0380,O0380,UPI,Pending,6463.4
PAY0381,O0381,Net Banking,Pending,12178.8
PAY0382,O0382,Card,Pending,6232.95
PAY0383,O0383,Cash,Paid,2805
PAY0384,O0384,UPI,Paid,2645.75
PAY0385,O0385,Net Banking,Pending,10130.8
PAY0386,O0386,UPI,Paid,4253.4
PAY0387,O0387,Card,Paid,14640.4
PAY0388,O0388,UPI,Pending,5316.75
PAY0389,O0389,Cash,Paid,6125.6
PAY0390,O0390,Cash,Paid,6852
PAY0391,O0391,Net Banking,Pending,6125.6
PAY0392,O0392,Net Banking,Paid,14584
PAY0393,O0393,Cash,Pending,8403.7
PAY0394,O0394,UPI,Paid,4836
PAY0395,O0395,Cash,Paid,9841.5
PAY0396,O0396,UPI,Paid,1616.7
PAY0397,O0397,Card,Pending,7462
PAY0398,O0398,UPI,Paid,18350
PAY0399,O0399,UPI,Pending,3421.8
PAY0400,O0400,Cash,Paid,10130.8
PAY0401,O0401,Card,Pending,4155.3
PAY0402,O0402,Cash,Paid,6448
PAY0403,O0403,UPI,Paid,6702
PAY0404,O0404,UPI,Pending,3083.4
PAY0405,O0405,Net Banking,Pending,14727
PAY0406,O0406,Card,Pending,6166.8
PAY0407,O0407,Cash,Pending,15316
PAY0408,O0408,Net Banking,Paid,8648.1
PAY0409,O0409,UPI,Paid,5023.6
PAY0410,O0410,Net Banking,Pending,2537.25
PAY0411,O0411,Card,Paid,2234
PAY0412,O0412,Net Banking,Paid,7280
PAY0413,O0413,UPI,Paid,17432.5
PAY0414,O0414,Card,Paid,5432.4
PAY0415,O0415,Net Banking,Paid,504.9
PAY0416,O0416,Card,Paid,13209.75
PAY0417,O0417,Card,Paid,13946.0
PAY0418,O0418,Cash,Paid,18148.8
PAY0419,O0419,Net Banking,Paid,15218.4
PAY0420,O0420,Card,Pending,11626.2
PAY0421,O0421,UPI,Paid,5696.7
PAY0422,O0422,Card,Paid,8042.4
PAY0423,O0423,Cash,Pending,14662.5
PAY0424,O0424,Net Banking,Pending,13212.0
PAY0425,O0425,Cash,Pending,1398.4
PAY0426,O0426,UPI,Paid,4620.8
PAY0427,O0427,Cash,Paid,17230.5
PAY0428,O0428,Net Banking,Pending,16015
PAY0429,O0429,Net Banking,Pending,3823.2
PAY0430,O0430,Cash,Pending,18655
PAY0431,O0431,Net Banking,Paid,8700
PAY0432,O0432,Net Banking,Paid,3968.65
PAY0433,O0433,UPI,Paid,6053.4
PAY0434,O0434,Card,Paid,9586
PAY0435,O0435,Cash,Paid,9029.75
PAY0436,O0436,Net Banking,Pending,557
PAY0437,O0437,Net Banking,Pending,5872
PAY0438,O0438,Card,Paid,15800
PAY0439,O0439,UPI,Pending,13248.0
PAY0440,O0440,Net Banking,Pending,6188.0
PAY0441,O0441,Net Banking,Paid,6892.2
PAY0442,O0442,Cash,Pending,3775
PAY0443,O0443,Net Banking,Paid,3277.5
PAY0444,O0444,Net Banking,Pending,9909.0
PAY0445,O0445,Net Banking,Paid,473.45
PAY0446,O0446,Net Banking,Pending,2276.2
PAY0447,O0447,Net Banking,Paid,6342.7
PAY0448,O0448,Net Banking,Paid,3640
PAY0449,O0449,Net Banking,Paid,18655
PAY0450,O0450,Card,Paid,5719.0
PAY0451,O0451,Net Banking,Paid,2835.75
PAY0452,O0452,UPI,Paid,2511.8
PAY0453,O0453,UPI,Pending,7604
PAY0454,O0454,Net Banking,Paid,17461.0
PAY0455,O0455,Card,Pending,10238.4
PAY0456,O0456,UPI,Paid,15495.5
PAY0457,O0457,Cash,Pending,14413.5
PAY0458,O0458,UPI,Paid,6682.5
PAY0459,O0459,Net Banking,Pending,1456.05
PAY0460,O0460,Card,Paid,8403.7
PAY0461,O0461,UPI,Paid,2116.6
PAY0462,O0462,Card,Paid,8181.4
PAY0463,O0463,Cash,Paid,8310.6
PAY0464,O0464,Cash,Pending,14345.0
PAY0465,O0465,Card,Paid,5690.5
PAY0466,O0466,Cash,Paid,13197.6
PAY0467,O0467,Card,Pending,1729.0
PAY0468,O0468,UPI,Paid,15501.6
PAY0469,O0469,Card,Paid,4753.8
PAY0470,O0470,Net Banking,Pending,2005.2
PAY0471,O0471,Cash,Pending,18148.8
PAY0472,O0472,Card,Paid,2673.0
PAY0473,O0473,Net Banking,Pending,953.7
PAY0474,O0474,Card,Pending,14220.0
PAY0475,O0475,Card,Pending,4153.1
PAY0476,O0476,UPI,Paid,10053.0
PAY0477,O0477,Card,Paid,9327.1
PAY0478,O0478,Card,Paid,11170
PAY0479,O0479,UPI,Paid,5734.8
PAY0480,O0480,Net Banking,Pending,24000
PAY0481,O0481,Cash,Pending,5065.4
PAY0482,O0482,Card,Pending,1012.7
PAY0483,O0483,Card,Paid,6030.0
PAY0484,O0484,Cash,Paid,561
PAY0485,O0485,Cash,Pending,7961.4
PAY0486,O0486,Net Banking,Pending,12606.3
PAY0487,O0487,UPI,Paid,1806.9
PAY0488,O0488,Net Banking,Pending,14925
PAY0489,O0489,Card,Paid,6166.8
PAY0490,O0490,Card,Pending,13990.65
PAY0491,O0491,Cash,Paid,906.1
PAY0492,O0492,Card,Pending,4455
PAY0493,O0493,Net Banking,Pending,4312.8
PAY0494,O0494,UPI,Paid,3847.95
PAY0495,O0495,Card,Paid,9190
PAY0496,O0496,Net Banking,Pending,2363.85
PAY0497,O0497,Net Banking,Paid,1354.5
PAY0498,O0498,Net Banking,Pending,18762.5
PAY0499,O0499,Net Banking,Pending,7221.6
PAY0500,O0500,Card,Paid,9064.4
PAY0501,O0501,Net Banking,Pending,1505
PAY0502,O0502,Cash,Pending,16690.6
PAY0503,O0503,UPI,Pending,13432.5
PAY0504,O0504,Cash,Pending,6852
PAY0505,O0505,Net Banking,Pending,3640
PAY0506,O0506,Cash,Pending,11942.1
PAY0507,O0507,UPI,Paid,2847.5
PAY0508,O0508,Card,Paid,11744
PAY0509,O0509,Card,Pending,3182.4
PAY0510,O0510,Cash,Paid,1456.05
PAY0511,O0511,Card,Pending,4118.25
PAY0512,O0512,UPI,Paid,1066
PAY0513,O0513,Net Banking,Paid,21492.0
PAY0514,O0514,UPI,Paid,3010
PAY0515,O0515,Card,Pending,16362.8
PAY0516,O0516,Cash,Pending,17250
PAY0517,O0517,UPI,Pending,20453.5
PAY0518,O0518,UPI,Paid,24430
PAY0519,O0519,Cash,Pending,12812
PAY0520,O0520,Net Banking,Pending,7657.0
PAY0521,O0521,UPI,Pending,11530.8
PAY0522,O0522,Net Banking,Paid,8952
PAY0523,O0523,Net Banking,Paid,5928.0
PAY0524,O0524,Cash,Paid,7508.7
PAY0525,O0525,Net Banking,Pending,5629.5
PAY0526,O0526,Cash,Paid,3369.6
PAY0527,O0527,Card,Pending,3717.9
PAY0528,O0528,UPI,Pending,9841.5
PAY0529,O0529,Net Banking,Paid,16296.2
PAY0530,O0530,Net Banking,Paid,14379
PAY0531,O0531,Net Banking,Pending,11530.8
PAY0532,O0532,Card,Paid,1322
PAY0533,O0533,Card,Pending,9600
PAY0534,O0534,Net Banking,Pending,1918.8
PAY0535,O0535,Cash,Pending,6342.7
PAY0536,O0536,Card,Pending,1155.2
PAY0537,O0537,UPI,Paid,10746.0
PAY0538,O0538,Card,Paid,21010.5
PAY0539,O0539,UPI,Paid,15075.0
PAY0540,O0540,Net Banking,Paid,1541.7
PAY0541,O0541,Card,Pending,13946.0
PAY0542,O0542,UPI,Paid,10053.0
PAY0543,O0543,UPI,Pending,5865.0
PAY0544,O0544,Net Banking,Pending,17250
PAY0545,O0545,Card,Pending,3414.3
PAY0546,O0546,Card,Pending,6311.25
PAY0547,O0547,Net Banking,Paid,3203
PAY0548,O0548,Card,Pending,2781
PAY0549,O0549,Cash,Paid,7658
PAY0550,O0550,Net Banking,Paid,13430.0
PAY0551,O0551,UPI,Pending,5824.2
PAY0552,O0552,Cash,Paid,19172
PAY0553,O0553,UPI,Paid,6916.0
PAY0554,O0554,UPI,Pending,12514.5
PAY0555,O0555,Cash,Paid,5299.2
PAY0556,O0556,Net Banking,Pending,9489
PAY0557,O0557,Net Banking,Pending,7088.9
PAY0558,O0558,Card,Paid,1358.1
PAY0559,O0559,UPI,Pending,5377.1
PAY0560,O0560,Cash,Pending,4909
PAY0561,O0561,Net Banking,Paid,2664.75
PAY0562,O0562,Cash,Paid,2210.85
PAY0563,O0563,UPI,Paid,532.95
PAY0564,O0564,Net Banking,Paid,10072.5
PAY0565,O0565,Card,Pending,2010.6
PAY0566,O0566,Cash,Paid,1251
PAY0567,O0567,Card,Pending,13784.4
PAY0568,O0568,Net Banking,Paid,2944
PAY0569,O0569,UPI,Pending,5377.1
PAY0570,O0570,Net Banking,Paid,2246.4
PAY0571,O0571,Card,Pending,8271.0
PAY0572,O0572,Cash,Pending,13925.1
PAY0573,O0573,UPI,Paid,3171.35
PAY0574,O0574,Net Banking,Pending,19528.75
PAY0575,O0575,Net Banking,Paid,10807.2
PAY0576,O0576,Card,Paid,1078.2
PAY0577,O0577,Card,Pending,2932.5
PAY0578,O0578,UPI,Paid,14720
PAY0579,O0579,Card,Paid,16387.5
PAY0580,O0580,Net Banking,Paid,1647.3
PAY0581,O0581,UPI,Paid,2210.85
PAY0582,O0582,Card,Pending,5643.0
PAY0583,O0583,UPI,Pending,20863.25
PAY0584,O0584,Cash,Pending,2116.6
PAY0585,O0585,UPI,Pending,1262.25
PAY0586,O0586,Card,Paid,8532
PAY0587,O0587,Cash,Paid,17546.4
PAY0588,O0588,Cash,Pending,12514.5
PAY0589,O0589,UPI,Paid,13330
PAY0590,O0590,Card,Pending,9315.0
PAY0591,O0591,Cash,Paid,20765.5
PAY0592,O0592,Cash,Pending,1901
PAY0593,O0593,Net Banking,Paid,5719.0
PAY0594,O0594,Cash,Pending,4527
PAY0595,O0595,Cash,Paid,1647.3
PAY0596,O0596,Card,Pending,2805
PAY0597,O0597,Cash,Pending,7708.5
PAY0598,O0598,Card,Paid,3804.6
PAY0599,O0599,Card,Paid,2944
PAY0600,O0600,Net Banking,Pending,16015
PAY0601,O0601,UPI,Paid,9027.0
PAY0602,O0602,Net Banking,Pending,14007
PAY0603,O0603,Card,Pending,3042.85
PAY0604,O0604,Cash,Paid,2067.2
PAY0605,O0605,UPI,Pending,4494.8
PAY0606,O0606,Net Banking,Paid,6798.3
PAY0607,O0607,Net Banking,Pending,2210.85
PAY0608,O0608,UPI,Paid,12060.0
PAY0609,O0609,Cash,Paid,3163
PAY0610,O0610,Net Banking,Paid,4503.6
PAY0611,O0611,Card,Pending,1002.6
PAY0612,O0612,Net Banking,Paid,1063.35
PAY0613,O0613,Card,Pending,1282.65
PAY0614,O0614,UPI,Paid,18676
PAY0615,O0615,Net Banking,Pending,23965
PAY0616,O0616,Net Banking,Paid,4476
PAY0617,O0617,Net Banking,Pending,1354.5
PAY0618,O0618,UPI,Paid,20370.25
PAY0619,O0619,Cash,Paid,18487.5
PAY0620,O0620,Card,Pending,16612.4
PAY0621,O0621,Cash,Paid,9669.6
PAY0622,O0622,Cash,Paid,2506.5
PAY0623,O0623,Cash,Paid,5643.0
PAY0624,O0624,Card,Pending,6240
PAY0625,O0625,Net Banking,Paid,4352.4
PAY0626,O0626,Net Banking,Pending,2558.5
PAY0627,O0627,Card,Paid,14233.5
PAY0628,O0628,Card,Pending,2187
PAY0629,O0629,Net Banking,Paid,4073.2
PAY0630,O0630,Card,Paid,1729.0
PAY0631,O0631,Cash,Pending,9558.0
PAY0632,O0632,UPI,Pending,1898.9
PAY0633,O0633,UPI,Paid,4468
PAY0634,O0634,Net Banking,Paid,3283.2
PAY0635,O0635,Cash,Pending,12798.0
PAY0636,O0636,Cash,Paid,8496
PAY0637,O0637,UPI,Pending,15218.4
PAY0638,O0638,UPI,Pending,13984.0
PAY0639,O0639,Net Banking,Paid,17931.25
PAY0640,O0640,Cash,Paid,12756.6
PAY0641,O0641,Net Banking,Pending,16015
PAY0642,O0642,UPI,Paid,3099.1
PAY0643,O0643,Card,Paid,5445.1
PAY0644,O0644,UPI,Pending,5288
PAY0645,O0645,Net Banking,Pending,3299.4
PAY0646,O0646,Cash,Paid,6009.7
PAY0647,O0647,Net Banking,Paid,8071.2
PAY0648,O0648,Card,Pending,14680
PAY0649,O0649,Cash,Paid,1615.85
PAY0650,O0650,UPI,Paid,15856.75
PAY0651,O0651,Net Banking,Pending,13946.0
PAY0652,O0652,UPI,Pending,9027.0
PAY0653,O0653,Net Banking,Paid,16807.4
PAY0654,O0654,Cash,Paid,2796.8
PAY0655,O0655,Net Banking,Paid,4416
PAY0656,O0656,Net Banking,Paid,4172.65
PAY0657,O0657,Cash,Pending,14220.0
PAY0658,O0658,UPI,Paid,5391.0
PAY0659,O0659,UPI,Pending,18300.5
PAY0660,O0660,UPI,Paid,4202.1
PAY0661,O0661,UPI,Paid,1918.8
PAY0662,O0662,UPI,Pending,1729.0
PAY0663,O0663,Cash,Paid,1322
PAY0664,O0664,UPI,Pending,15214.25
PAY0665,O0665,Cash,Paid,15580.5
PAY0666,O0666,Net Banking,Pending,6965.4
PAY0667,O0667,Net Banking,Pending,7275.1
PAY0668,O0668,UPI,Pending,20298.0
PAY0669,O0669,Cash,Pending,7167.75
PAY0670,O0670,Net Banking,Paid,17461.0
PAY0671,O0671,Cash,Paid,3950
PAY0672,O0672,Card,Pending,18350
PAY0673,O0673,UPI,Pending,14924
PAY0674,O0674,Net Banking,Paid,5562
PAY0675,O0675,Cash,Paid,501.3
PAY0676,O0676,UPI,Pending,1033.6
PAY0677,O0677,UPI,Pending,6342.7
PAY0678,O0678,Card,Pending,3829
PAY0679,O0679,Cash,Pending,2502.4
PAY0680,O0680,Net Banking,Paid,6561
PAY0681,O0681,UPI,Paid,6851.0
PAY0682,O0682,UPI,Paid,12606.3
PAY0683,O0683,UPI,Paid,18566.8
PAY0684,O0684,Cash,Paid,7937.3
PAY0685,O0685,UPI,Pending,4090.7
PAY0686,O0686,Cash,Pending,2155.6
PAY0687,O0687,Net Banking,Pending,1094.4
PAY0688,O0688,Net Banking,Pending,14680
PAY0689,O0689,Net Banking,Pending,17254.8
PAY0690,O0690,Net Banking,Paid,3414.3
PAY0691,O0691,Net Banking,Paid,10388.25
PAY0692,O0692,UPI,Pending,11730.0
PAY0693,O0693,UPI,Paid,8700
PAY0694,O0694,Net Banking,Paid,18213.4
PAY0695,O0695,Cash,Pending,9514.05
PAY0696,O0696,Card,Paid,17692
PAY0697,O0697,UPI,Paid,11010
PAY0698,O0698,UPI,Paid,22975
PAY0699,O0699,Cash,Pending,3350
PAY0700,O0700,Cash,Pending,8403.7
PAY0701,O0701,Card,Pending,5304.0
PAY0702,O0702,UPI,Paid,2496
PAY0703,O0703,UPI,Paid,5942.25
PAY0704,O0704,Cash,Paid,14658
PAY0705,O0705,Net Banking,Paid,4797.0
PAY0706,O0706,Net Banking,Paid,7948.8
PAY0707,O0707,UPI,Paid,9626.25
PAY0708,O0708,Card,Pending,9494.5
PAY0709,O0709,Net Banking,Pending,15038.2
PAY0710,O0710,Card,Pending,4537.2
PAY0711,O0711,Net Banking,Paid,6682.5
PAY0712,O0712,UPI,Paid,14790.0
PAY0713,O0713,Cash,Pending,17400
PAY0714,O0714,Net Banking,Paid,10664
PAY0715,O0715,Card,Pending,3804.6
PAY0716,O0716,Card,Pending,11330.5
PAY0717,O0717,Cash,Pending,15100
PAY0718,O0718,UPI,Pending,7462
PAY0719,O0719,Net Banking,Paid,6715.8
PAY0720,O0720,Net Banking,Pending,1189.8
PAY0721,O0721,Cash,Paid,12652
PAY0722,O0722,Card,Pending,4080.0
PAY0723,O0723,Cash,Pending,3646
PAY0724,O0724,Card,Paid,4776
PAY0725,O0725,UPI,Pending,6413.25
PAY0726,O0726,Cash,Paid,6279.5
PAY0727,O0727,Cash,Pending,4468
PAY0728,O0728,Cash,Paid,6562.8
PAY0729,O0729,Cash,Pending,17318.5
PAY0730,O0730,UPI,Paid,2740.4
PAY0731,O0731,UPI,Paid,17432.5
PAY0732,O0732,Cash,Pending,4306
PAY0733,O0733,Cash,Paid,6279.5
PAY0734,O0734,Net Banking,Paid,3752.5
PAY0735,O0735,Net Banking,Paid,7948.8
PAY0736,O0736,Net Banking,Pending,11187.2
PAY0737,O0737,Net Banking,Pending,2846.7
PAY0738,O0738,Net Banking,Paid,4793
PAY0739,O0739,Net Banking,Paid,13400
PAY0740,O0740,UPI,Pending,4468
PAY0741,O0741,Cash,Pending,1472
PAY0742,O0742,Cash,Pending,3283.2
PAY0743,O0743,Cash,Pending,7332
PAY0744,O0744,Card,Paid,4630.3
PAY0745,O0745,Net Banking,Paid,6232.95
PAY0746,O0746,Card,Paid,16407.0
PAY0747,O0747,Cash,Paid,4232.25
PAY0748,O0748,Card,Paid,3463.7
PAY0749,O0749,UPI,Pending,3357.5
PAY0750,O0750,Net Banking,Paid,9505
PAY0751,O0751,Card,Pending,3486.5
PAY0752,O0752,Cash,Paid,3666
PAY0753,O0753,Card,Pending,6166.8
PAY0754,O0754,Net Banking,Paid,14550.2
PAY0755,O0755,Cash,Pending,13946.0
PAY0756,O0756,Net Banking,Paid,12222.15
PAY0757,O0757,UPI,Pending,5593.6
PAY0758,O0758,Cash,Pending,570.6
PAY0759,O0759,UPI,Paid,16015
PAY0760,O0760,Card,Paid,2781
PAY0761,O0761,Card,Pending,1647.3
PAY0762,O0762,UPI,Pending,10238.4
PAY0763,O0763,UPI,Pending,4476
PAY0764,O0764,Card,Pending,15214.25
PAY0765,O0765,UPI,Paid,5139
PAY0766,O0766,Net Banking,Paid,7340
PAY0767,O0767,Cash,Pending,6232.95
PAY0768,O0768,Net Banking,Pending,9818
PAY0769,O0769,Cash,Pending,13946.0
PAY0770,O0770,Card,Pending,10664
PAY0771,O0771,Net Banking,Paid,2694.5
PAY0772,O0772,Net Banking,Pending,16238.4
PAY0773,O0773,Card,Paid,6326
PAY0774,O0774,Net Banking,Paid,953.7
PAY0775,O0775,Net Banking,Pending,6598.8
PAY0776,O0776,Card,Pending,11942.1
PAY0777,O0777,UPI,Paid,1429.75
PAY0778,O0778,UPI,Paid,4991.2
PAY0779,O0779,UPI,Pending,4059.6
PAY0780,O0780,Cash,Paid,10350
PAY0781,O0781,Cash,Pending,1216
PAY0782,O0782,Cash,Pending,3350
PAY0783,O0783,UPI,Pending,6509.3
PAY0784,O0784,Net Banking,Pending,12918
PAY0785,O0785,UPI,Paid,4352.4
PAY0786,O0786,Cash,Paid,14550.2
PAY0787,O0787,Net Banking,Pending,5023.6
PAY0788,O0788,UPI,Paid,10149.0
PAY0789,O0789,Net Banking,Paid,19104
PAY0790,O0790,UPI,Pending,2740.4
PAY0791,O0791,Net Banking,Paid,4416
PAY0792,O0792,UPI,Pending,3837.6
PAY0793,O0793,Cash,Pending,6239.0
PAY0794,O0794,Card,Paid,3038.1
PAY0795,O0795,Card,Paid,5990
PAY0796,O0796,Cash,Paid,12730.0
PAY0797,O0797,Cash,Paid,23317.75
PAY0798,O0798,UPI,Paid,2495.6
PAY0799,O0799,Cash,Paid,2251.8
PAY0800,O0800,Net Banking,Paid,7708.5
PAY0801,O0801,Cash,Pending,2785
PAY0802,O0802,Card,Paid,8065.65
PAY0803,O0803,UPI,Paid,1902
PAY0804,O0804,Net Banking,Paid,2844
PAY0805,O0805,Card,Paid,1514.7
PAY0806,O0806,Net Banking,Pending,4800
PAY0807,O0807,Cash,Paid,9597.6
PAY0808,O0808,Net Banking,Paid,12798.0
PAY0809,O0809,Net Banking,Paid,2644
PAY0810,O0810,Card,Paid,1324.8
PAY0811,O0811,Cash,Paid,14550.2
PAY0812,O0812,Card,Paid,13159.8
PAY0813,O0813,UPI,Pending,7830.0
PAY0814,O0814,UPI,Pending,1370.2
PAY0815,O0815,UPI,Pending,2932.5
PAY0816,O0816,Card,Pending,2124
PAY0817,O0817,Net Banking,Pending,4503.6
PAY0818,O0818,Card,Paid,8271.0
PAY0819,O0819,Net Banking,Paid,14379
PAY0820,O0820,Cash,Pending,4386.6
PAY0821,O0821,Cash,Paid,7505.0
PAY0822,O0822,UPI,Paid,2379.6
PAY0823,O0823,Card,Paid,13050
PAY0824,O0824,Card,Pending,6715.8
PAY0825,O0825,UPI,Paid,5445.1
PAY0826,O0826,Cash,Paid,1433.55
PAY0827,O0827,Card,Paid,9832.5
PAY0828,O0828,Cash,Paid,5480.8
PAY0829,O0829,Net Banking,Paid,10890.2
PAY0830,O0830,Card,Pending,3966
PAY0831,O0831,Net Banking,Paid,14220
PAY0832,O0832,Card,Pending,6448
PAY0833,O0833,Net Banking,Paid,15501.6
PAY0834,O0834,Net Banking,Pending,16362.8
PAY0835,O0835,Net Banking,Paid,6555.0
PAY0836,O0836,Card,Paid,4625.1
PAY0837,O0837,UPI,Paid,10998
PAY0838,O0838,Cash,Paid,8496
PAY0839,O0839,Net Banking,Paid,20453.5
PAY0840,O0840,Net Banking,Pending,1456.05
PAY0841,O0841,UPI,Paid,5283.9
PAY0842,O0842,Net Banking,Paid,2709.0
PAY0843,O0843,UPI,Pending,4793
PAY0844,O0844,Card,Paid,12060.0
PAY0845,O0845,UPI,Paid,22380
PAY0846,O0846,UPI,Paid,8612
PAY0847,O0847,Cash,Paid,4074.05
PAY0848,O0848,Card,Paid,4494.8
PAY0849,O0849,UPI,Paid,2912.1
PAY0850,O0850,Card,Paid,2495.6
PAY0851,O0851,Cash,Paid,3465.6
PAY0852,O0852,UPI,Paid,4243.2
PAY0853,O0853,Cash,Paid,3744
PAY0854,O0854,Net Banking,Pending,6232.95
PAY0855,O0855,UPI,Paid,2944
PAY0856,O0856,Card,Paid,9294.75
PAY0857,O0857,UPI,Pending,10664
PAY0858,O0858,Card,Pending,1123.7
PAY0859,O0859,Card,Pending,2796.8
PAY0860,O0860,Net Banking,Pending,6509.3
PAY0861,O0861,Card,Paid,1893.8
PAY0862,O0862,Card,Paid,5168.0
PAY0863,O0863,Net Banking,Paid,2502.4
PAY0864,O0864,Cash,Paid,3105.0
PAY0865,O0865,Net Banking,Pending,3837.75
PAY0866,O0866,Card,Paid,6598.8
PAY0867,O0867,UPI,Pending,11626.2
PAY0868,O0868,UPI,Paid,2716.2
PAY0869,O0869,Card,Pending,1729.0
PAY0870,O0870,Card,Paid,4244.6
PAY0871,O0871,Cash,Paid,17904
PAY0872,O0872,Card,Paid,6413.25
PAY0873,O0873,Cash,Pending,2121.6
PAY0874,O0874,Cash,Pending,14328
PAY0875,O0875,Cash,Pending,1354.5
PAY0876,O0876,Net Banking,Paid,1514.7
PAY0877,O0877,Cash,Paid,16362.8
PAY0878,O0878,Net Banking,Paid,1710.9
PAY0879,O0879,Card,Paid,5416.2
PAY0880,O0880,Cash,Paid,11905.95
PAY0881,O0881,Card,Paid,16808.4
PAY0882,O0882,Card,Paid,15038.2
PAY0883,O0883,Net Banking,Pending,6030.0
PAY0884,O0884,Card,Pending,2789.2
PAY0885,O0885,Card,Pending,13050
PAY0886,O0886,UPI,Paid,15660.0
PAY0887,O0887,Card,Pending,9841.5
PAY0888,O0888,UPI,Paid,17692
PAY0889,O0889,Cash,Pending,12918
PAY0890,O0890,Card,Pending,13400
PAY0891,O0891,UPI,Pending,3594
PAY0892,O0892,Card,Paid,9338
PAY0893,O0893,Cash,Paid,7110.0
PAY0894,O0894,Cash,Paid,9014.55
PAY0895,O0895,Cash,Pending,3015.0
PAY0896,O0896,UPI,Pending,22800.0
PAY0897,O0897,Net Banking,Paid,19528.75
PAY0898,O0898,Net Banking,Paid,2718.3
PAY0899,O0899,Card,Pending,3231.7
PAY0900,O0900,Cash,Paid,3100.8
PAY0901,O0901,UPI,Pending,12464.4
PAY0902,O0902,Card,Paid,6279.5
PAY0903,O0903,Net Banking,Pending,3015.0
PAY0904,O0904,Card,Pending,2867.1
PAY0905,O0905,Card,Paid,3099.1
PAY0906,O0906,UPI,Pending,4753.8
PAY0907,O0907,Cash,Pending,12756.6
PAY0908,O0908,Card,Pending,17318.5
PAY0909,O0909,Card,Pending,13660.05
PAY0910,O0910,Net Banking,Paid,8079.25
PAY0911,O0911,Cash,Pending,529.15
PAY0912,O0912,Cash,Paid,5824.2
PAY0913,O0913,UPI,Pending,7937.3
PAY0914,O0914,Card,Paid,9772
PAY0915,O0915,Cash,Pending,6555.0
PAY0916,O0916,Card,Paid,13192.2
PAY0917,O0917,Card,Paid,1820
PAY0918,O0918,UPI,Paid,1282.65
PAY0919,O0919,Cash,Pending,11278.65
PAY0920,O0920,Card,Pending,12652
PAY0921,O0921,UPI,Pending,5616.0
PAY0922,O0922,Cash,Paid,1077.8
PAY0923,O0923,Net Banking,Paid,13428
PAY0924,O0924,Card,Paid,2878.2
PAY0925,O0925,Net Banking,Paid,6396.25
PAY0926,O0926,Net Banking,Pending,10072.5
PAY0927,O0927,UPI,Pending,14177.8
PAY0928,O0928,Card,Paid,10633.35
PAY0929,O0929,Cash,Paid,1918.8
PAY0930,O0930,Card,Pending,6562.8
PAY0931,O0931,Net Banking,Pending,4232.25
PAY0932,O0932,Card,Paid,7545
PAY0933,O0933,Cash,Pending,2882.7
PAY0934,O0934,Card,Pending,13192.2
PAY0935,O0935,Net Banking,Paid,17193.6
PAY0936,O0936,Net Banking,Pending,1430.55
PAY0937,O0937,Cash,Paid,13509.0
PAY0938,O0938,Card,Paid,7550
PAY0939,O0939,Net Banking,Paid,15874.6
PAY0940,O0940,Card,Paid,7519.1
PAY0941,O0941,Cash,Paid,11092.5
PAY0942,O0942,Card,Paid,22800.0
PAY0943,O0943,Net Banking,Paid,2244
PAY0944,O0944,UPI,Paid,3281.4
PAY0945,O0945,Cash,Paid,5130.6
PAY0946,O0946,Net Banking,Pending,9552
PAY0947,O0947,Card,Pending,14233.5
PAY0948,O0948,Cash,Paid,5593.6
PAY0949,O0949,UPI,Paid,11343.0
PAY0950,O0950,Cash,Paid,13800
PAY0951,O0951,Net Banking,Pending,2565.3
PAY0952,O0952,Cash,Paid,3847.95
PAY0953,O0953,UPI,Pending,19145
PAY0954,O0954,UPI,Paid,4300.65
PAY0955,O0955,Card,Pending,4800
PAY0956,O0956,UPI,Pending,16320.0
PAY0957,O0957,UPI,Paid,3482.7
PAY0958,O0958,UPI,Pending,4641.7
PAY0959,O0959,Card,Pending,19575.0
PAY0960,O0960,UPI,Pending,1907.4
PAY0961,O0961,Card,Pending,5693.4
PAY0962,O0962,Cash,Pending,2376.9
PAY0963,O0963,Card,Pending,1009.8
PAY0964,O0964,UPI,Paid,4797.0
PAY0965,O0965,Card,Pending,2642.4
PAY0966,O0966,Cash,Paid,5377.1
PAY0967,O0967,Net Banking,Paid,2376.9
PAY0968,O0968,Net Banking,Pending,12406.5
PAY0969,O0969,Cash,Paid,8836.2
PAY0970,O0970,UPI,Pending,6210.0
PAY0971,O0971,Net Banking,Paid,16542.0
PAY0972,O0972,UPI,Pending,8079.25
PAY0973,O0973,Card,Paid,22090.5
PAY0974,O0974,UPI,Pending,15815
PAY0975,O0975,Net Banking,Pending,8748
PAY0976,O0976,Net Banking,Paid,4289.25
PAY0977,O0977,Cash,Pending,8181.4
PAY0978,O0978,UPI,Pending,1456.05
PAY0979,O0979,UPI,Pending,12730.0
PAY0980,O0980,UPI,Paid,9763.95
PAY0981,O0981,Net Banking,Paid,13612.75
PAY0982,O0982,Net Banking,Pending,13110.0
PAY0983,O0983,Net Banking,Pending,2210.85
PAY0984,O0984,Card,Paid,6509.4
PAY0985,O0985,Card,Paid,1911.6
PAY0986,O0986,UPI,Paid,2005.2
PAY0987,O0987,UPI,Pending,10758.75
PAY0988,O0988,Cash,Pending,13248.0
PAY0989,O0989,Net Banking,Pending,8105.4
PAY0990,O0990,Cash,Paid,5049.0
PAY0991,O0991,UPI,Paid,5316.75
PAY0992,O0992,Net Banking,Pending,3646
PAY0993,O0993,Card,Paid,16612.4
PAY0994,O0994,Cash,Pending,1898.9
PAY0995,O0995,UPI,Paid,7223.8
PAY0996,O0996,Cash,Paid,6624.0
PAY0997,O0997,Cash,Paid,4641.7
PAY0998,O0998,Cash,Pending,13785
PAY0999,O0999,Cash,Pending,2644
PAY1000,O1000,UPI,Pending,3190.05
